type,name,module,path,hash
yaml,manifest,_config,_config/manifest.yaml,91008cf273ef3ee61e1bd95887a45dd538e50595e699e0416debfa7c1c02af1a
toml,config,config.toml,config.toml,118d1703e382bb450b9a7b8b0c14a748f8b45eb998e839f0037c045fc3093fcc
toml,config.user,config.user.toml,config.user.toml,36da9c7b9571c779672e8bbeac2dd9ba0f86da4f018b1a253d159fb74e552687
csv,methods,core,core/bmad-advanced-elicitation/methods.csv,d110ff5f076fb9421552b83692fde2c2d367734049169c7a55f7267a3dc7ef89
csv,module-help,core,core/module-help.csv,e801caeb1bf6484277867067c60be3c2aeec39beaa75254e64ddf8ce8f3b617d
md,create-party,core,core/bmad-party-mode/references/create-party.md,2f810332c36c17d14eb55717aed48f3020acf0713bb9f932479be9fbc3856e9e
md,deletion-check,core,core/bmad-review-edge-case-hunter/references/deletion-check.md,0f1f124e4e957147e89164a272b10bedc694ad0d9ad2618c8610ac74ee9cb0da
md,mode-agent-team,core,core/bmad-party-mode/references/mode-agent-team.md,def759a17f4bb45463b68fb74c2b828b0a4241720b2b6cc1c9c611a1016ae9d7
md,mode-auto,core,core/bmad-party-mode/references/mode-auto.md,a37fd24f76dfcde385890d5c5947bb6f40ca44bea86c805d267b6ae3aab39f70
md,mode-subagent,core,core/bmad-party-mode/references/mode-subagent.md,86161b24a0b13b8f9cb9309042e4249d8caefff8cc33728b084cd2ec22f9d2e1
md,party-memory,core,core/bmad-party-mode/references/party-memory.md,800b4b4b920bb881a7b32aaabca8559a98273799b2476d83a23e290e301fb315
md,SKILL,core,core/bmad-advanced-elicitation/SKILL.md,705cc827cab892855d07dcc926f5c9f749c3abab33e915d6ac1574aec174896b
md,SKILL,core,core/bmad-party-mode/SKILL.md,783fef00cf5a889c80d7bb4ca78ca2a6e4c4390cde290d2e253855cf723cb10a
md,SKILL,core,core/bmad-review-edge-case-hunter/SKILL.md,03087a3f1e935f7a111bc2c8e1b44c2cf2cc05d9843e5af3c913a148c70d8c96
py,resolve_party,core,core/bmad-party-mode/scripts/resolve_party.py,663a1ffa8406564c2a08f210f144b08d323596b105b755ae795ca725384e32ac
py,test-resolve_party,core,core/bmad-party-mode/scripts/tests/test-resolve_party.py,bb53fe03ec3013ed96c0fb399c1948f28bcf55cb2d7727fe0189343fcaa667d5
toml,customize,core,core/bmad-party-mode/customize.toml,fee7fe153c853f949dca6ad20a7c78270fc91e3e88486aefbc9956cfb4c14a84
yaml,config,core,core/config.yaml,5e649cafdfde502be9405dd646c93cc32ddc3fe9d9516fbdf847bacc0edefc38
py,memlog,scripts,scripts/memlog.py,3b00f82ca33dc4227f715123b939514ee35c4f9c71150c894c3d8185df1b48df
py,resolve_config,scripts,scripts/resolve_config.py,f41149160898aea80a12861d149b10dc6b2d2b69d7d97eb65cad01f368adac03
py,resolve_customization,scripts,scripts/resolve_customization.py,23fb9040b08c7eb975aeabc4245ef50e158516f5082eebc9ae41700641338498
csv,module-help,tea,tea/module-help.csv,0a718d289033627c467016f694801467c2a84347034e7ef27e4651d1715c17e4
csv,tea-index,tea,tea/agents/bmad-tea/resources/tea-index.csv,30ffce906680d270f9861912bbfbd82b17929dda3994065cb53d0408cda06112
csv,tea-index,tea,tea/workflows/testarch/bmad-testarch-atdd/resources/tea-index.csv,f223be0094e5ec17f7041c139823f9749853be5bf6ab1d95bec8a15f8c4a1bc3
csv,tea-index,tea,tea/workflows/testarch/bmad-testarch-automate/resources/tea-index.csv,82482e5af4e832b89c47a7e81560c3ad149784b28d4c6209757f4df9b2aa9e4b
csv,tea-index,tea,tea/workflows/testarch/bmad-testarch-test-design/resources/tea-index.csv,82482e5af4e832b89c47a7e81560c3ad149784b28d4c6209757f4df9b2aa9e4b
csv,tea-index,tea,tea/workflows/testarch/bmad-testarch-test-review/resources/tea-index.csv,82482e5af4e832b89c47a7e81560c3ad149784b28d4c6209757f4df9b2aa9e4b
csv,tea-index,tea,tea/workflows/testarch/bmad-testarch-trace/resources/tea-index.csv,82482e5af4e832b89c47a7e81560c3ad149784b28d4c6209757f4df9b2aa9e4b
md,adr-quality-readiness-checklist,tea,tea/agents/bmad-tea/resources/knowledge/adr-quality-readiness-checklist.md,a8129b16c3b2afbc1f58fe5edc73dc8f1291c172c6ca009d92f1947bef1a237e
md,adr-quality-readiness-checklist,tea,tea/workflows/testarch/bmad-testarch-atdd/resources/knowledge/adr-quality-readiness-checklist.md,a8129b16c3b2afbc1f58fe5edc73dc8f1291c172c6ca009d92f1947bef1a237e
md,adr-quality-readiness-checklist,tea,tea/workflows/testarch/bmad-testarch-automate/resources/knowledge/adr-quality-readiness-checklist.md,a8129b16c3b2afbc1f58fe5edc73dc8f1291c172c6ca009d92f1947bef1a237e
md,adr-quality-readiness-checklist,tea,tea/workflows/testarch/bmad-testarch-test-design/resources/knowledge/adr-quality-readiness-checklist.md,a8129b16c3b2afbc1f58fe5edc73dc8f1291c172c6ca009d92f1947bef1a237e
md,adr-quality-readiness-checklist,tea,tea/workflows/testarch/bmad-testarch-test-review/resources/knowledge/adr-quality-readiness-checklist.md,a8129b16c3b2afbc1f58fe5edc73dc8f1291c172c6ca009d92f1947bef1a237e
md,adr-quality-readiness-checklist,tea,tea/workflows/testarch/bmad-testarch-trace/resources/knowledge/adr-quality-readiness-checklist.md,a8129b16c3b2afbc1f58fe5edc73dc8f1291c172c6ca009d92f1947bef1a237e
md,api-request,tea,tea/agents/bmad-tea/resources/knowledge/api-request.md,d14f6e26151c48424d60cde5db81c0ffc8ec72eaf3357f27b4e137f222a4c4e3
md,api-request,tea,tea/workflows/testarch/bmad-testarch-atdd/resources/knowledge/api-request.md,d14f6e26151c48424d60cde5db81c0ffc8ec72eaf3357f27b4e137f222a4c4e3
md,api-request,tea,tea/workflows/testarch/bmad-testarch-automate/resources/knowledge/api-request.md,d14f6e26151c48424d60cde5db81c0ffc8ec72eaf3357f27b4e137f222a4c4e3
md,api-request,tea,tea/workflows/testarch/bmad-testarch-test-design/resources/knowledge/api-request.md,d14f6e26151c48424d60cde5db81c0ffc8ec72eaf3357f27b4e137f222a4c4e3
md,api-request,tea,tea/workflows/testarch/bmad-testarch-test-review/resources/knowledge/api-request.md,d14f6e26151c48424d60cde5db81c0ffc8ec72eaf3357f27b4e137f222a4c4e3
md,api-request,tea,tea/workflows/testarch/bmad-testarch-trace/resources/knowledge/api-request.md,d14f6e26151c48424d60cde5db81c0ffc8ec72eaf3357f27b4e137f222a4c4e3
md,api-testing-patterns,tea,tea/agents/bmad-tea/resources/knowledge/api-testing-patterns.md,4b1b7069737d4916853f1393d1cd804ce7061454ad250fb919046a78b77c2648
md,api-testing-patterns,tea,tea/workflows/testarch/bmad-testarch-atdd/resources/knowledge/api-testing-patterns.md,4b1b7069737d4916853f1393d1cd804ce7061454ad250fb919046a78b77c2648
md,api-testing-patterns,tea,tea/workflows/testarch/bmad-testarch-automate/resources/knowledge/api-testing-patterns.md,4b1b7069737d4916853f1393d1cd804ce7061454ad250fb919046a78b77c2648
md,api-testing-patterns,tea,tea/workflows/testarch/bmad-testarch-test-design/resources/knowledge/api-testing-patterns.md,4b1b7069737d4916853f1393d1cd804ce7061454ad250fb919046a78b77c2648
md,api-testing-patterns,tea,tea/workflows/testarch/bmad-testarch-test-review/resources/knowledge/api-testing-patterns.md,4b1b7069737d4916853f1393d1cd804ce7061454ad250fb919046a78b77c2648
md,api-testing-patterns,tea,tea/workflows/testarch/bmad-testarch-trace/resources/knowledge/api-testing-patterns.md,4b1b7069737d4916853f1393d1cd804ce7061454ad250fb919046a78b77c2648
md,atdd-checklist-template,tea,tea/workflows/testarch/bmad-testarch-atdd/atdd-checklist-template.md,0e3bf28e90ebed75da01fd5a02101cf535333ddd641871c434c68455bbdeede7
md,auth-session,tea,tea/agents/bmad-tea/resources/knowledge/auth-session.md,2b3de2a9468caf85f0e47ba9d79b142f424b6c10e3a342c264f1cf73d2f70ddc
md,auth-session,tea,tea/workflows/testarch/bmad-testarch-atdd/resources/knowledge/auth-session.md,2b3de2a9468caf85f0e47ba9d79b142f424b6c10e3a342c264f1cf73d2f70ddc
md,auth-session,tea,tea/workflows/testarch/bmad-testarch-automate/resources/knowledge/auth-session.md,2b3de2a9468caf85f0e47ba9d79b142f424b6c10e3a342c264f1cf73d2f70ddc
md,auth-session,tea,tea/workflows/testarch/bmad-testarch-test-design/resources/knowledge/auth-session.md,2b3de2a9468caf85f0e47ba9d79b142f424b6c10e3a342c264f1cf73d2f70ddc
md,auth-session,tea,tea/workflows/testarch/bmad-testarch-test-review/resources/knowledge/auth-session.md,2b3de2a9468caf85f0e47ba9d79b142f424b6c10e3a342c264f1cf73d2f70ddc
md,auth-session,tea,tea/workflows/testarch/bmad-testarch-trace/resources/knowledge/auth-session.md,2b3de2a9468caf85f0e47ba9d79b142f424b6c10e3a342c264f1cf73d2f70ddc
md,burn-in,tea,tea/agents/bmad-tea/resources/knowledge/burn-in.md,5ba3d2abe6b961e5bc3948ab165e801195bff3ee6e66569c00c219b484aa4b5d
md,burn-in,tea,tea/workflows/testarch/bmad-testarch-atdd/resources/knowledge/burn-in.md,5ba3d2abe6b961e5bc3948ab165e801195bff3ee6e66569c00c219b484aa4b5d
md,burn-in,tea,tea/workflows/testarch/bmad-testarch-automate/resources/knowledge/burn-in.md,5ba3d2abe6b961e5bc3948ab165e801195bff3ee6e66569c00c219b484aa4b5d
md,burn-in,tea,tea/workflows/testarch/bmad-testarch-test-design/resources/knowledge/burn-in.md,5ba3d2abe6b961e5bc3948ab165e801195bff3ee6e66569c00c219b484aa4b5d
md,burn-in,tea,tea/workflows/testarch/bmad-testarch-test-review/resources/knowledge/burn-in.md,5ba3d2abe6b961e5bc3948ab165e801195bff3ee6e66569c00c219b484aa4b5d
md,burn-in,tea,tea/workflows/testarch/bmad-testarch-trace/resources/knowledge/burn-in.md,5ba3d2abe6b961e5bc3948ab165e801195bff3ee6e66569c00c219b484aa4b5d
md,checklist,tea,tea/workflows/testarch/bmad-testarch-atdd/checklist.md,3e4eced6eef7b926ca48b81f6bace068f00db4f9a299469d6a841f90671b4b15
md,checklist,tea,tea/workflows/testarch/bmad-testarch-automate/checklist.md,cd132e3d4cf6e8164d0483e3f4abaa47e3ae81684d15673868a09de8d66fe94f
md,checklist,tea,tea/workflows/testarch/bmad-testarch-test-design/checklist.md,7b4aa0862112166437f1b4342b1d42da962d475c0bc40237d4ed2bb545e3095e
md,checklist,tea,tea/workflows/testarch/bmad-testarch-test-review/checklist.md,b88bf4806473ef22cd7141ba6bde9911bee109e5fd49b27896213c3bb46a2760
md,checklist,tea,tea/workflows/testarch/bmad-testarch-trace/checklist.md,b2a024cd86cc9f4132a4d32f5991212ec8a95bca780ebe867d529981c76e3ec5
md,ci-burn-in,tea,tea/agents/bmad-tea/resources/knowledge/ci-burn-in.md,cc9ca53c62b910872e399ec1d378542e211e70563ddbce9aba84af253e0c74ac
md,ci-burn-in,tea,tea/workflows/testarch/bmad-testarch-atdd/resources/knowledge/ci-burn-in.md,cc9ca53c62b910872e399ec1d378542e211e70563ddbce9aba84af253e0c74ac
md,ci-burn-in,tea,tea/workflows/testarch/bmad-testarch-automate/resources/knowledge/ci-burn-in.md,cc9ca53c62b910872e399ec1d378542e211e70563ddbce9aba84af253e0c74ac
md,ci-burn-in,tea,tea/workflows/testarch/bmad-testarch-test-design/resources/knowledge/ci-burn-in.md,cc9ca53c62b910872e399ec1d378542e211e70563ddbce9aba84af253e0c74ac
md,ci-burn-in,tea,tea/workflows/testarch/bmad-testarch-test-review/resources/knowledge/ci-burn-in.md,cc9ca53c62b910872e399ec1d378542e211e70563ddbce9aba84af253e0c74ac
md,ci-burn-in,tea,tea/workflows/testarch/bmad-testarch-trace/resources/knowledge/ci-burn-in.md,cc9ca53c62b910872e399ec1d378542e211e70563ddbce9aba84af253e0c74ac
md,component-tdd,tea,tea/agents/bmad-tea/resources/knowledge/component-tdd.md,88bd1f9ca1d5bcd1552828845fe80b86ff3acdf071bac574eda744caf7120ef8
md,component-tdd,tea,tea/workflows/testarch/bmad-testarch-atdd/resources/knowledge/component-tdd.md,88bd1f9ca1d5bcd1552828845fe80b86ff3acdf071bac574eda744caf7120ef8
md,component-tdd,tea,tea/workflows/testarch/bmad-testarch-automate/resources/knowledge/component-tdd.md,88bd1f9ca1d5bcd1552828845fe80b86ff3acdf071bac574eda744caf7120ef8
md,component-tdd,tea,tea/workflows/testarch/bmad-testarch-test-design/resources/knowledge/component-tdd.md,88bd1f9ca1d5bcd1552828845fe80b86ff3acdf071bac574eda744caf7120ef8
md,component-tdd,tea,tea/workflows/testarch/bmad-testarch-test-review/resources/knowledge/component-tdd.md,88bd1f9ca1d5bcd1552828845fe80b86ff3acdf071bac574eda744caf7120ef8
md,component-tdd,tea,tea/workflows/testarch/bmad-testarch-trace/resources/knowledge/component-tdd.md,88bd1f9ca1d5bcd1552828845fe80b86ff3acdf071bac574eda744caf7120ef8
md,confidence-gate,tea,tea/agents/bmad-tea/resources/knowledge/confidence-gate.md,7f1efe0240565332e0c0cecf62e2ef1882ef8d800b9be64a6f622cee9a8fdfab
md,contract-testing,tea,tea/agents/bmad-tea/resources/knowledge/contract-testing.md,c24a50e9be90ac6d4c4abf7cc676530fad554af2fcdfcca7345636113cdcee49
md,contract-testing,tea,tea/workflows/testarch/bmad-testarch-atdd/resources/knowledge/contract-testing.md,a8bef6764ab76e4141705c0fb2f88671e07fe54d1fe70e4c972c1e491f436c8a
md,contract-testing,tea,tea/workflows/testarch/bmad-testarch-automate/resources/knowledge/contract-testing.md,4aabf869866b48642e80534e7ac68681b95cf143e57ea7f88379f106689208d5
md,contract-testing,tea,tea/workflows/testarch/bmad-testarch-test-design/resources/knowledge/contract-testing.md,4aabf869866b48642e80534e7ac68681b95cf143e57ea7f88379f106689208d5
md,contract-testing,tea,tea/workflows/testarch/bmad-testarch-test-review/resources/knowledge/contract-testing.md,4aabf869866b48642e80534e7ac68681b95cf143e57ea7f88379f106689208d5
md,contract-testing,tea,tea/workflows/testarch/bmad-testarch-trace/resources/knowledge/contract-testing.md,4aabf869866b48642e80534e7ac68681b95cf143e57ea7f88379f106689208d5
md,data-factories,tea,tea/agents/bmad-tea/resources/knowledge/data-factories.md,d7428fe7675da02b6f5c4c03213fc5e542063f61ab033efb47c1c5669b835d88
md,data-factories,tea,tea/workflows/testarch/bmad-testarch-atdd/resources/knowledge/data-factories.md,d7428fe7675da02b6f5c4c03213fc5e542063f61ab033efb47c1c5669b835d88
md,data-factories,tea,tea/workflows/testarch/bmad-testarch-automate/resources/knowledge/data-factories.md,d7428fe7675da02b6f5c4c03213fc5e542063f61ab033efb47c1c5669b835d88
md,data-factories,tea,tea/workflows/testarch/bmad-testarch-test-design/resources/knowledge/data-factories.md,d7428fe7675da02b6f5c4c03213fc5e542063f61ab033efb47c1c5669b835d88
md,data-factories,tea,tea/workflows/testarch/bmad-testarch-test-review/resources/knowledge/data-factories.md,d7428fe7675da02b6f5c4c03213fc5e542063f61ab033efb47c1c5669b835d88
md,data-factories,tea,tea/workflows/testarch/bmad-testarch-trace/resources/knowledge/data-factories.md,d7428fe7675da02b6f5c4c03213fc5e542063f61ab033efb47c1c5669b835d88
md,email-auth,tea,tea/agents/bmad-tea/resources/knowledge/email-auth.md,43f4cc3138a905a91f4a69f358be6664a790b192811b4dfc238188e826f6b41b
md,email-auth,tea,tea/workflows/testarch/bmad-testarch-atdd/resources/knowledge/email-auth.md,43f4cc3138a905a91f4a69f358be6664a790b192811b4dfc238188e826f6b41b
md,email-auth,tea,tea/workflows/testarch/bmad-testarch-automate/resources/knowledge/email-auth.md,43f4cc3138a905a91f4a69f358be6664a790b192811b4dfc238188e826f6b41b
md,email-auth,tea,tea/workflows/testarch/bmad-testarch-test-design/resources/knowledge/email-auth.md,43f4cc3138a905a91f4a69f358be6664a790b192811b4dfc238188e826f6b41b
md,email-auth,tea,tea/workflows/testarch/bmad-testarch-test-review/resources/knowledge/email-auth.md,43f4cc3138a905a91f4a69f358be6664a790b192811b4dfc238188e826f6b41b
md,email-auth,tea,tea/workflows/testarch/bmad-testarch-trace/resources/knowledge/email-auth.md,43f4cc3138a905a91f4a69f358be6664a790b192811b4dfc238188e826f6b41b
md,error-handling,tea,tea/agents/bmad-tea/resources/knowledge/error-handling.md,38975ebe2655b4d85035d8e740aef63fdef63dc31f9acf530142788060f62153
md,error-handling,tea,tea/workflows/testarch/bmad-testarch-atdd/resources/knowledge/error-handling.md,38975ebe2655b4d85035d8e740aef63fdef63dc31f9acf530142788060f62153
md,error-handling,tea,tea/workflows/testarch/bmad-testarch-automate/resources/knowledge/error-handling.md,38975ebe2655b4d85035d8e740aef63fdef63dc31f9acf530142788060f62153
md,error-handling,tea,tea/workflows/testarch/bmad-testarch-test-design/resources/knowledge/error-handling.md,38975ebe2655b4d85035d8e740aef63fdef63dc31f9acf530142788060f62153
md,error-handling,tea,tea/workflows/testarch/bmad-testarch-test-review/resources/knowledge/error-handling.md,38975ebe2655b4d85035d8e740aef63fdef63dc31f9acf530142788060f62153
md,error-handling,tea,tea/workflows/testarch/bmad-testarch-trace/resources/knowledge/error-handling.md,38975ebe2655b4d85035d8e740aef63fdef63dc31f9acf530142788060f62153
md,feature-flags,tea,tea/agents/bmad-tea/resources/knowledge/feature-flags.md,5b3cf037169719e69d468ff2ecfc94711bc41fd3e330c6f81a404163bb09fdba
md,feature-flags,tea,tea/workflows/testarch/bmad-testarch-atdd/resources/knowledge/feature-flags.md,5b3cf037169719e69d468ff2ecfc94711bc41fd3e330c6f81a404163bb09fdba
md,feature-flags,tea,tea/workflows/testarch/bmad-testarch-automate/resources/knowledge/feature-flags.md,5b3cf037169719e69d468ff2ecfc94711bc41fd3e330c6f81a404163bb09fdba
md,feature-flags,tea,tea/workflows/testarch/bmad-testarch-test-design/resources/knowledge/feature-flags.md,5b3cf037169719e69d468ff2ecfc94711bc41fd3e330c6f81a404163bb09fdba
md,feature-flags,tea,tea/workflows/testarch/bmad-testarch-test-review/resources/knowledge/feature-flags.md,5b3cf037169719e69d468ff2ecfc94711bc41fd3e330c6f81a404163bb09fdba
md,feature-flags,tea,tea/workflows/testarch/bmad-testarch-trace/resources/knowledge/feature-flags.md,5b3cf037169719e69d468ff2ecfc94711bc41fd3e330c6f81a404163bb09fdba
md,file-utils,tea,tea/agents/bmad-tea/resources/knowledge/file-utils.md,7d1092930118fb160b9c0a4a48c398d9b08bb909d1e2432662d8e81e1e3b0087
md,file-utils,tea,tea/workflows/testarch/bmad-testarch-atdd/resources/knowledge/file-utils.md,7d1092930118fb160b9c0a4a48c398d9b08bb909d1e2432662d8e81e1e3b0087
md,file-utils,tea,tea/workflows/testarch/bmad-testarch-automate/resources/knowledge/file-utils.md,7d1092930118fb160b9c0a4a48c398d9b08bb909d1e2432662d8e81e1e3b0087
md,file-utils,tea,tea/workflows/testarch/bmad-testarch-test-design/resources/knowledge/file-utils.md,7d1092930118fb160b9c0a4a48c398d9b08bb909d1e2432662d8e81e1e3b0087
md,file-utils,tea,tea/workflows/testarch/bmad-testarch-test-review/resources/knowledge/file-utils.md,7d1092930118fb160b9c0a4a48c398d9b08bb909d1e2432662d8e81e1e3b0087
md,file-utils,tea,tea/workflows/testarch/bmad-testarch-trace/resources/knowledge/file-utils.md,7d1092930118fb160b9c0a4a48c398d9b08bb909d1e2432662d8e81e1e3b0087
md,fixture-architecture,tea,tea/agents/bmad-tea/resources/knowledge/fixture-architecture.md,c0c62381e7a0385fe0d8b59861a3756994d3bbc673e4605ded9607d5217c7e55
md,fixture-architecture,tea,tea/workflows/testarch/bmad-testarch-atdd/resources/knowledge/fixture-architecture.md,c0c62381e7a0385fe0d8b59861a3756994d3bbc673e4605ded9607d5217c7e55
md,fixture-architecture,tea,tea/workflows/testarch/bmad-testarch-automate/resources/knowledge/fixture-architecture.md,c0c62381e7a0385fe0d8b59861a3756994d3bbc673e4605ded9607d5217c7e55
md,fixture-architecture,tea,tea/workflows/testarch/bmad-testarch-test-design/resources/knowledge/fixture-architecture.md,c0c62381e7a0385fe0d8b59861a3756994d3bbc673e4605ded9607d5217c7e55
md,fixture-architecture,tea,tea/workflows/testarch/bmad-testarch-test-review/resources/knowledge/fixture-architecture.md,c0c62381e7a0385fe0d8b59861a3756994d3bbc673e4605ded9607d5217c7e55
md,fixture-architecture,tea,tea/workflows/testarch/bmad-testarch-trace/resources/knowledge/fixture-architecture.md,c0c62381e7a0385fe0d8b59861a3756994d3bbc673e4605ded9607d5217c7e55
md,fixtures-composition,tea,tea/agents/bmad-tea/resources/knowledge/fixtures-composition.md,8e57a897663a272fd603026aeec76941543c1e09d129e377846726fd405f3a5a
md,fixtures-composition,tea,tea/workflows/testarch/bmad-testarch-atdd/resources/knowledge/fixtures-composition.md,8e57a897663a272fd603026aeec76941543c1e09d129e377846726fd405f3a5a
md,fixtures-composition,tea,tea/workflows/testarch/bmad-testarch-automate/resources/knowledge/fixtures-composition.md,8e57a897663a272fd603026aeec76941543c1e09d129e377846726fd405f3a5a
md,fixtures-composition,tea,tea/workflows/testarch/bmad-testarch-test-design/resources/knowledge/fixtures-composition.md,8e57a897663a272fd603026aeec76941543c1e09d129e377846726fd405f3a5a
md,fixtures-composition,tea,tea/workflows/testarch/bmad-testarch-test-review/resources/knowledge/fixtures-composition.md,8e57a897663a272fd603026aeec76941543c1e09d129e377846726fd405f3a5a
md,fixtures-composition,tea,tea/workflows/testarch/bmad-testarch-trace/resources/knowledge/fixtures-composition.md,8e57a897663a272fd603026aeec76941543c1e09d129e377846726fd405f3a5a
md,instructions,tea,tea/workflows/testarch/bmad-testarch-atdd/instructions.md,930807db5daa3a366fa9c5644a99ebae8018dce5c15fe87a6bc85506fff141bb
md,instructions,tea,tea/workflows/testarch/bmad-testarch-automate/instructions.md,75fa59f76165af6a4279e4a39c754b97dbd9ce17eec6b71672d126edec974d51
md,instructions,tea,tea/workflows/testarch/bmad-testarch-test-design/instructions.md,642ee8fa5895afa818894df00227e49cc7692ac4f6b2453bc5f9e9bb66ec6a7d
md,instructions,tea,tea/workflows/testarch/bmad-testarch-test-review/instructions.md,4e485179170a22082906cbb862a2ccaf8c1b30aedcc3f9fc31f76ad2f1400308
md,instructions,tea,tea/workflows/testarch/bmad-testarch-trace/instructions.md,e2ba1137a3beb1be685e2282a431ceab2edcf71191992b75a11752099e8d52b3
md,intercept-network-call,tea,tea/agents/bmad-tea/resources/knowledge/intercept-network-call.md,ac8213cc28a9f9c452a6fb419356dd1d66ce495d7f29d188fcb1bb51456ba869
md,intercept-network-call,tea,tea/workflows/testarch/bmad-testarch-atdd/resources/knowledge/intercept-network-call.md,ac8213cc28a9f9c452a6fb419356dd1d66ce495d7f29d188fcb1bb51456ba869
md,intercept-network-call,tea,tea/workflows/testarch/bmad-testarch-automate/resources/knowledge/intercept-network-call.md,ac8213cc28a9f9c452a6fb419356dd1d66ce495d7f29d188fcb1bb51456ba869
md,intercept-network-call,tea,tea/workflows/testarch/bmad-testarch-test-design/resources/knowledge/intercept-network-call.md,ac8213cc28a9f9c452a6fb419356dd1d66ce495d7f29d188fcb1bb51456ba869
md,intercept-network-call,tea,tea/workflows/testarch/bmad-testarch-test-review/resources/knowledge/intercept-network-call.md,ac8213cc28a9f9c452a6fb419356dd1d66ce495d7f29d188fcb1bb51456ba869
md,intercept-network-call,tea,tea/workflows/testarch/bmad-testarch-trace/resources/knowledge/intercept-network-call.md,ac8213cc28a9f9c452a6fb419356dd1d66ce495d7f29d188fcb1bb51456ba869
md,log,tea,tea/agents/bmad-tea/resources/knowledge/log.md,54b09992275e1ab361bf109b342a7d487cbb5bafa4e9cc48b320a1a5eb11857f
md,log,tea,tea/workflows/testarch/bmad-testarch-atdd/resources/knowledge/log.md,54b09992275e1ab361bf109b342a7d487cbb5bafa4e9cc48b320a1a5eb11857f
md,log,tea,tea/workflows/testarch/bmad-testarch-automate/resources/knowledge/log.md,54b09992275e1ab361bf109b342a7d487cbb5bafa4e9cc48b320a1a5eb11857f
md,log,tea,tea/workflows/testarch/bmad-testarch-test-design/resources/knowledge/log.md,54b09992275e1ab361bf109b342a7d487cbb5bafa4e9cc48b320a1a5eb11857f
md,log,tea,tea/workflows/testarch/bmad-testarch-test-review/resources/knowledge/log.md,54b09992275e1ab361bf109b342a7d487cbb5bafa4e9cc48b320a1a5eb11857f
md,log,tea,tea/workflows/testarch/bmad-testarch-trace/resources/knowledge/log.md,54b09992275e1ab361bf109b342a7d487cbb5bafa4e9cc48b320a1a5eb11857f
md,network-error-monitor,tea,tea/agents/bmad-tea/resources/knowledge/network-error-monitor.md,c9041fd4af8162580a12c7adad79fdf7539fae7d6717fe7dace05e851c1b734c
md,network-error-monitor,tea,tea/workflows/testarch/bmad-testarch-atdd/resources/knowledge/network-error-monitor.md,c9041fd4af8162580a12c7adad79fdf7539fae7d6717fe7dace05e851c1b734c
md,network-error-monitor,tea,tea/workflows/testarch/bmad-testarch-automate/resources/knowledge/network-error-monitor.md,c9041fd4af8162580a12c7adad79fdf7539fae7d6717fe7dace05e851c1b734c
md,network-error-monitor,tea,tea/workflows/testarch/bmad-testarch-test-design/resources/knowledge/network-error-monitor.md,c9041fd4af8162580a12c7adad79fdf7539fae7d6717fe7dace05e851c1b734c
md,network-error-monitor,tea,tea/workflows/testarch/bmad-testarch-test-review/resources/knowledge/network-error-monitor.md,c9041fd4af8162580a12c7adad79fdf7539fae7d6717fe7dace05e851c1b734c
md,network-error-monitor,tea,tea/workflows/testarch/bmad-testarch-trace/resources/knowledge/network-error-monitor.md,c9041fd4af8162580a12c7adad79fdf7539fae7d6717fe7dace05e851c1b734c
md,network-first,tea,tea/agents/bmad-tea/resources/knowledge/network-first.md,2920e58e145626f5505bcb75e263dbd0e6ac79a8c4c2ec138f5329e06a6ac014
md,network-first,tea,tea/workflows/testarch/bmad-testarch-atdd/resources/knowledge/network-first.md,2920e58e145626f5505bcb75e263dbd0e6ac79a8c4c2ec138f5329e06a6ac014
md,network-first,tea,tea/workflows/testarch/bmad-testarch-automate/resources/knowledge/network-first.md,2920e58e145626f5505bcb75e263dbd0e6ac79a8c4c2ec138f5329e06a6ac014
md,network-first,tea,tea/workflows/testarch/bmad-testarch-test-design/resources/knowledge/network-first.md,2920e58e145626f5505bcb75e263dbd0e6ac79a8c4c2ec138f5329e06a6ac014
md,network-first,tea,tea/workflows/testarch/bmad-testarch-test-review/resources/knowledge/network-first.md,2920e58e145626f5505bcb75e263dbd0e6ac79a8c4c2ec138f5329e06a6ac014
md,network-first,tea,tea/workflows/testarch/bmad-testarch-trace/resources/knowledge/network-first.md,2920e58e145626f5505bcb75e263dbd0e6ac79a8c4c2ec138f5329e06a6ac014
md,network-recorder,tea,tea/agents/bmad-tea/resources/knowledge/network-recorder.md,6ae5ee35a9f1816dc4bf7c4573f6be931a16567d697ff463867819cc39a3268d
md,network-recorder,tea,tea/workflows/testarch/bmad-testarch-atdd/resources/knowledge/network-recorder.md,6ae5ee35a9f1816dc4bf7c4573f6be931a16567d697ff463867819cc39a3268d
md,network-recorder,tea,tea/workflows/testarch/bmad-testarch-automate/resources/knowledge/network-recorder.md,6ae5ee35a9f1816dc4bf7c4573f6be931a16567d697ff463867819cc39a3268d
md,network-recorder,tea,tea/workflows/testarch/bmad-testarch-test-design/resources/knowledge/network-recorder.md,6ae5ee35a9f1816dc4bf7c4573f6be931a16567d697ff463867819cc39a3268d
md,network-recorder,tea,tea/workflows/testarch/bmad-testarch-test-review/resources/knowledge/network-recorder.md,6ae5ee35a9f1816dc4bf7c4573f6be931a16567d697ff463867819cc39a3268d
md,network-recorder,tea,tea/workflows/testarch/bmad-testarch-trace/resources/knowledge/network-recorder.md,6ae5ee35a9f1816dc4bf7c4573f6be931a16567d697ff463867819cc39a3268d
md,nfr-criteria,tea,tea/agents/bmad-tea/resources/knowledge/nfr-criteria.md,e63cee4a0193e4858c8f70ff33a497a1b97d13a69da66f60ed5c9a9853025aa1
md,nfr-criteria,tea,tea/workflows/testarch/bmad-testarch-atdd/resources/knowledge/nfr-criteria.md,e63cee4a0193e4858c8f70ff33a497a1b97d13a69da66f60ed5c9a9853025aa1
md,nfr-criteria,tea,tea/workflows/testarch/bmad-testarch-automate/resources/knowledge/nfr-criteria.md,e63cee4a0193e4858c8f70ff33a497a1b97d13a69da66f60ed5c9a9853025aa1
md,nfr-criteria,tea,tea/workflows/testarch/bmad-testarch-test-design/resources/knowledge/nfr-criteria.md,e63cee4a0193e4858c8f70ff33a497a1b97d13a69da66f60ed5c9a9853025aa1
md,nfr-criteria,tea,tea/workflows/testarch/bmad-testarch-test-review/resources/knowledge/nfr-criteria.md,e63cee4a0193e4858c8f70ff33a497a1b97d13a69da66f60ed5c9a9853025aa1
md,nfr-criteria,tea,tea/workflows/testarch/bmad-testarch-trace/resources/knowledge/nfr-criteria.md,e63cee4a0193e4858c8f70ff33a497a1b97d13a69da66f60ed5c9a9853025aa1
md,overview,tea,tea/agents/bmad-tea/resources/knowledge/overview.md,25ca75c93fbcef398c7ec7a201ece881f6f3a15f86cfc0a19a04b90a2c6dddbf
md,overview,tea,tea/workflows/testarch/bmad-testarch-atdd/resources/knowledge/overview.md,25ca75c93fbcef398c7ec7a201ece881f6f3a15f86cfc0a19a04b90a2c6dddbf
md,overview,tea,tea/workflows/testarch/bmad-testarch-automate/resources/knowledge/overview.md,25ca75c93fbcef398c7ec7a201ece881f6f3a15f86cfc0a19a04b90a2c6dddbf
md,overview,tea,tea/workflows/testarch/bmad-testarch-test-design/resources/knowledge/overview.md,25ca75c93fbcef398c7ec7a201ece881f6f3a15f86cfc0a19a04b90a2c6dddbf
md,overview,tea,tea/workflows/testarch/bmad-testarch-test-review/resources/knowledge/overview.md,25ca75c93fbcef398c7ec7a201ece881f6f3a15f86cfc0a19a04b90a2c6dddbf
md,overview,tea,tea/workflows/testarch/bmad-testarch-trace/resources/knowledge/overview.md,25ca75c93fbcef398c7ec7a201ece881f6f3a15f86cfc0a19a04b90a2c6dddbf
md,pact-broker-webhooks,tea,tea/agents/bmad-tea/resources/knowledge/pact-broker-webhooks.md,95711c413d4adad6e2b88d16e9ecdc96d11ed018b510195d0633f1ea31bfeabb
md,pact-broker-webhooks,tea,tea/workflows/testarch/bmad-testarch-atdd/resources/knowledge/pact-broker-webhooks.md,95711c413d4adad6e2b88d16e9ecdc96d11ed018b510195d0633f1ea31bfeabb
md,pact-broker-webhooks,tea,tea/workflows/testarch/bmad-testarch-automate/resources/knowledge/pact-broker-webhooks.md,95711c413d4adad6e2b88d16e9ecdc96d11ed018b510195d0633f1ea31bfeabb
md,pact-broker-webhooks,tea,tea/workflows/testarch/bmad-testarch-test-design/resources/knowledge/pact-broker-webhooks.md,95711c413d4adad6e2b88d16e9ecdc96d11ed018b510195d0633f1ea31bfeabb
md,pact-broker-webhooks,tea,tea/workflows/testarch/bmad-testarch-test-review/resources/knowledge/pact-broker-webhooks.md,95711c413d4adad6e2b88d16e9ecdc96d11ed018b510195d0633f1ea31bfeabb
md,pact-broker-webhooks,tea,tea/workflows/testarch/bmad-testarch-trace/resources/knowledge/pact-broker-webhooks.md,95711c413d4adad6e2b88d16e9ecdc96d11ed018b510195d0633f1ea31bfeabb
md,pact-consumer-di,tea,tea/agents/bmad-tea/resources/knowledge/pact-consumer-di.md,c3883f65512dcebb78e611d9091fb8091f211b098685adb81719faefa365d793
md,pact-consumer-di,tea,tea/workflows/testarch/bmad-testarch-atdd/resources/knowledge/pact-consumer-di.md,c3883f65512dcebb78e611d9091fb8091f211b098685adb81719faefa365d793
md,pact-consumer-di,tea,tea/workflows/testarch/bmad-testarch-automate/resources/knowledge/pact-consumer-di.md,c3883f65512dcebb78e611d9091fb8091f211b098685adb81719faefa365d793
md,pact-consumer-di,tea,tea/workflows/testarch/bmad-testarch-test-design/resources/knowledge/pact-consumer-di.md,c3883f65512dcebb78e611d9091fb8091f211b098685adb81719faefa365d793
md,pact-consumer-di,tea,tea/workflows/testarch/bmad-testarch-test-review/resources/knowledge/pact-consumer-di.md,c3883f65512dcebb78e611d9091fb8091f211b098685adb81719faefa365d793
md,pact-consumer-di,tea,tea/workflows/testarch/bmad-testarch-trace/resources/knowledge/pact-consumer-di.md,c3883f65512dcebb78e611d9091fb8091f211b098685adb81719faefa365d793
md,pact-consumer-framework-setup,tea,tea/agents/bmad-tea/resources/knowledge/pact-consumer-framework-setup.md,9eec9245f42a162580e07012d081d08983727fd504d2b01ee7d5bfb791c4b117
md,pact-consumer-framework-setup,tea,tea/workflows/testarch/bmad-testarch-atdd/resources/knowledge/pact-consumer-framework-setup.md,2f21f70dcfb07b5851e0e9ed69fee1476bfc8ed4f61ffe0711cb14123166299f
md,pact-consumer-framework-setup,tea,tea/workflows/testarch/bmad-testarch-automate/resources/knowledge/pact-consumer-framework-setup.md,2f21f70dcfb07b5851e0e9ed69fee1476bfc8ed4f61ffe0711cb14123166299f
md,pact-consumer-framework-setup,tea,tea/workflows/testarch/bmad-testarch-test-design/resources/knowledge/pact-consumer-framework-setup.md,2f21f70dcfb07b5851e0e9ed69fee1476bfc8ed4f61ffe0711cb14123166299f
md,pact-consumer-framework-setup,tea,tea/workflows/testarch/bmad-testarch-test-review/resources/knowledge/pact-consumer-framework-setup.md,2f21f70dcfb07b5851e0e9ed69fee1476bfc8ed4f61ffe0711cb14123166299f
md,pact-consumer-framework-setup,tea,tea/workflows/testarch/bmad-testarch-trace/resources/knowledge/pact-consumer-framework-setup.md,2f21f70dcfb07b5851e0e9ed69fee1476bfc8ed4f61ffe0711cb14123166299f
md,pact-mcp,tea,tea/agents/bmad-tea/resources/knowledge/pact-mcp.md,32bb4ab96d2ff069e99790277184770b5ce3e0ae98a41e0e191c241a73cbb70a
md,pact-mcp,tea,tea/workflows/testarch/bmad-testarch-atdd/resources/knowledge/pact-mcp.md,32bb4ab96d2ff069e99790277184770b5ce3e0ae98a41e0e191c241a73cbb70a
md,pact-mcp,tea,tea/workflows/testarch/bmad-testarch-automate/resources/knowledge/pact-mcp.md,32bb4ab96d2ff069e99790277184770b5ce3e0ae98a41e0e191c241a73cbb70a
md,pact-mcp,tea,tea/workflows/testarch/bmad-testarch-test-design/resources/knowledge/pact-mcp.md,32bb4ab96d2ff069e99790277184770b5ce3e0ae98a41e0e191c241a73cbb70a
md,pact-mcp,tea,tea/workflows/testarch/bmad-testarch-test-review/resources/knowledge/pact-mcp.md,32bb4ab96d2ff069e99790277184770b5ce3e0ae98a41e0e191c241a73cbb70a
md,pact-mcp,tea,tea/workflows/testarch/bmad-testarch-trace/resources/knowledge/pact-mcp.md,32bb4ab96d2ff069e99790277184770b5ce3e0ae98a41e0e191c241a73cbb70a
md,pactjs-utils-consumer-helpers,tea,tea/agents/bmad-tea/resources/knowledge/pactjs-utils-consumer-helpers.md,82c21a71ea7cfafb4bb4c4d74eb83cb4134b7ca93aeae626a9b79868b3d621c9
md,pactjs-utils-consumer-helpers,tea,tea/workflows/testarch/bmad-testarch-atdd/resources/knowledge/pactjs-utils-consumer-helpers.md,711e7fccb866d3cda0566fa42948b73e1ff9a8aa63ab190fa8727182e9e92d87
md,pactjs-utils-consumer-helpers,tea,tea/workflows/testarch/bmad-testarch-automate/resources/knowledge/pactjs-utils-consumer-helpers.md,711e7fccb866d3cda0566fa42948b73e1ff9a8aa63ab190fa8727182e9e92d87
md,pactjs-utils-consumer-helpers,tea,tea/workflows/testarch/bmad-testarch-test-design/resources/knowledge/pactjs-utils-consumer-helpers.md,711e7fccb866d3cda0566fa42948b73e1ff9a8aa63ab190fa8727182e9e92d87
md,pactjs-utils-consumer-helpers,tea,tea/workflows/testarch/bmad-testarch-test-review/resources/knowledge/pactjs-utils-consumer-helpers.md,711e7fccb866d3cda0566fa42948b73e1ff9a8aa63ab190fa8727182e9e92d87
md,pactjs-utils-consumer-helpers,tea,tea/workflows/testarch/bmad-testarch-trace/resources/knowledge/pactjs-utils-consumer-helpers.md,711e7fccb866d3cda0566fa42948b73e1ff9a8aa63ab190fa8727182e9e92d87
md,pactjs-utils-overview,tea,tea/agents/bmad-tea/resources/knowledge/pactjs-utils-overview.md,16eb089189d1544c821f582b8776716c1c3ecd3e6044ccbc9a4984d3515e1b52
md,pactjs-utils-overview,tea,tea/workflows/testarch/bmad-testarch-atdd/resources/knowledge/pactjs-utils-overview.md,16eb089189d1544c821f582b8776716c1c3ecd3e6044ccbc9a4984d3515e1b52
md,pactjs-utils-overview,tea,tea/workflows/testarch/bmad-testarch-automate/resources/knowledge/pactjs-utils-overview.md,64fcf26c2d5c7c183c8d7a83ed20d1f1857182724cfed5e92318dadb1b258584
md,pactjs-utils-overview,tea,tea/workflows/testarch/bmad-testarch-test-design/resources/knowledge/pactjs-utils-overview.md,64fcf26c2d5c7c183c8d7a83ed20d1f1857182724cfed5e92318dadb1b258584
md,pactjs-utils-overview,tea,tea/workflows/testarch/bmad-testarch-test-review/resources/knowledge/pactjs-utils-overview.md,64fcf26c2d5c7c183c8d7a83ed20d1f1857182724cfed5e92318dadb1b258584
md,pactjs-utils-overview,tea,tea/workflows/testarch/bmad-testarch-trace/resources/knowledge/pactjs-utils-overview.md,64fcf26c2d5c7c183c8d7a83ed20d1f1857182724cfed5e92318dadb1b258584
md,pactjs-utils-provider-verifier,tea,tea/agents/bmad-tea/resources/knowledge/pactjs-utils-provider-verifier.md,4f5e306ededf8c9d2de9023fb6db115298a4fe2d70f934054c2f717115235bbb
md,pactjs-utils-provider-verifier,tea,tea/workflows/testarch/bmad-testarch-atdd/resources/knowledge/pactjs-utils-provider-verifier.md,e3a651fbcb6e705685477bfdcc8f7d0ca747a6bdbc9a6051f32f538c48c1a160
md,pactjs-utils-provider-verifier,tea,tea/workflows/testarch/bmad-testarch-automate/resources/knowledge/pactjs-utils-provider-verifier.md,e3a651fbcb6e705685477bfdcc8f7d0ca747a6bdbc9a6051f32f538c48c1a160
md,pactjs-utils-provider-verifier,tea,tea/workflows/testarch/bmad-testarch-test-design/resources/knowledge/pactjs-utils-provider-verifier.md,e3a651fbcb6e705685477bfdcc8f7d0ca747a6bdbc9a6051f32f538c48c1a160
md,pactjs-utils-provider-verifier,tea,tea/workflows/testarch/bmad-testarch-test-review/resources/knowledge/pactjs-utils-provider-verifier.md,e3a651fbcb6e705685477bfdcc8f7d0ca747a6bdbc9a6051f32f538c48c1a160
md,pactjs-utils-provider-verifier,tea,tea/workflows/testarch/bmad-testarch-trace/resources/knowledge/pactjs-utils-provider-verifier.md,e3a651fbcb6e705685477bfdcc8f7d0ca747a6bdbc9a6051f32f538c48c1a160
md,pactjs-utils-request-filter,tea,tea/agents/bmad-tea/resources/knowledge/pactjs-utils-request-filter.md,6f900300880f2544511436fa68c24268b3b28e0498af6dc43c848047a3cbff18
md,pactjs-utils-request-filter,tea,tea/workflows/testarch/bmad-testarch-atdd/resources/knowledge/pactjs-utils-request-filter.md,6f900300880f2544511436fa68c24268b3b28e0498af6dc43c848047a3cbff18
md,pactjs-utils-request-filter,tea,tea/workflows/testarch/bmad-testarch-automate/resources/knowledge/pactjs-utils-request-filter.md,6f900300880f2544511436fa68c24268b3b28e0498af6dc43c848047a3cbff18
md,pactjs-utils-request-filter,tea,tea/workflows/testarch/bmad-testarch-test-design/resources/knowledge/pactjs-utils-request-filter.md,6f900300880f2544511436fa68c24268b3b28e0498af6dc43c848047a3cbff18
md,pactjs-utils-request-filter,tea,tea/workflows/testarch/bmad-testarch-test-review/resources/knowledge/pactjs-utils-request-filter.md,6f900300880f2544511436fa68c24268b3b28e0498af6dc43c848047a3cbff18
md,pactjs-utils-request-filter,tea,tea/workflows/testarch/bmad-testarch-trace/resources/knowledge/pactjs-utils-request-filter.md,6f900300880f2544511436fa68c24268b3b28e0498af6dc43c848047a3cbff18
md,pactjs-utils-zod-to-pact,tea,tea/agents/bmad-tea/resources/knowledge/pactjs-utils-zod-to-pact.md,a02b0859122ef4f720818ea78a149799202d0baf7852936f05a2f5d0c49935a8
md,pactjs-utils-zod-to-pact,tea,tea/workflows/testarch/bmad-testarch-atdd/resources/knowledge/pactjs-utils-zod-to-pact.md,a02b0859122ef4f720818ea78a149799202d0baf7852936f05a2f5d0c49935a8
md,playwright-cli,tea,tea/agents/bmad-tea/resources/knowledge/playwright-cli.md,f0aaff215a5da05d900c7f6d1eef70a3ea97637788ac37aadf5779ec24d91c09
md,playwright-cli,tea,tea/workflows/testarch/bmad-testarch-atdd/resources/knowledge/playwright-cli.md,f0aaff215a5da05d900c7f6d1eef70a3ea97637788ac37aadf5779ec24d91c09
md,playwright-cli,tea,tea/workflows/testarch/bmad-testarch-automate/resources/knowledge/playwright-cli.md,f0aaff215a5da05d900c7f6d1eef70a3ea97637788ac37aadf5779ec24d91c09
md,playwright-cli,tea,tea/workflows/testarch/bmad-testarch-test-design/resources/knowledge/playwright-cli.md,f0aaff215a5da05d900c7f6d1eef70a3ea97637788ac37aadf5779ec24d91c09
md,playwright-cli,tea,tea/workflows/testarch/bmad-testarch-test-review/resources/knowledge/playwright-cli.md,f0aaff215a5da05d900c7f6d1eef70a3ea97637788ac37aadf5779ec24d91c09
md,playwright-cli,tea,tea/workflows/testarch/bmad-testarch-trace/resources/knowledge/playwright-cli.md,f0aaff215a5da05d900c7f6d1eef70a3ea97637788ac37aadf5779ec24d91c09
md,playwright-config,tea,tea/agents/bmad-tea/resources/knowledge/playwright-config.md,6f7cbf42be005165f68d50090bf0e86227cd401b8e0119ad9e65e7cb2a05644e
md,playwright-config,tea,tea/workflows/testarch/bmad-testarch-atdd/resources/knowledge/playwright-config.md,6f7cbf42be005165f68d50090bf0e86227cd401b8e0119ad9e65e7cb2a05644e
md,playwright-config,tea,tea/workflows/testarch/bmad-testarch-automate/resources/knowledge/playwright-config.md,6f7cbf42be005165f68d50090bf0e86227cd401b8e0119ad9e65e7cb2a05644e
md,playwright-config,tea,tea/workflows/testarch/bmad-testarch-test-design/resources/knowledge/playwright-config.md,6f7cbf42be005165f68d50090bf0e86227cd401b8e0119ad9e65e7cb2a05644e
md,playwright-config,tea,tea/workflows/testarch/bmad-testarch-test-review/resources/knowledge/playwright-config.md,6f7cbf42be005165f68d50090bf0e86227cd401b8e0119ad9e65e7cb2a05644e
md,playwright-config,tea,tea/workflows/testarch/bmad-testarch-trace/resources/knowledge/playwright-config.md,6f7cbf42be005165f68d50090bf0e86227cd401b8e0119ad9e65e7cb2a05644e
md,probability-impact,tea,tea/agents/bmad-tea/resources/knowledge/probability-impact.md,446dba0caa1eb162734514f35366f8c38ed3666528b0b5e16c7f03fd3c537d0f
md,probability-impact,tea,tea/workflows/testarch/bmad-testarch-atdd/resources/knowledge/probability-impact.md,446dba0caa1eb162734514f35366f8c38ed3666528b0b5e16c7f03fd3c537d0f
md,probability-impact,tea,tea/workflows/testarch/bmad-testarch-automate/resources/knowledge/probability-impact.md,446dba0caa1eb162734514f35366f8c38ed3666528b0b5e16c7f03fd3c537d0f
md,probability-impact,tea,tea/workflows/testarch/bmad-testarch-test-design/resources/knowledge/probability-impact.md,446dba0caa1eb162734514f35366f8c38ed3666528b0b5e16c7f03fd3c537d0f
md,probability-impact,tea,tea/workflows/testarch/bmad-testarch-test-review/resources/knowledge/probability-impact.md,446dba0caa1eb162734514f35366f8c38ed3666528b0b5e16c7f03fd3c537d0f
md,probability-impact,tea,tea/workflows/testarch/bmad-testarch-trace/resources/knowledge/probability-impact.md,446dba0caa1eb162734514f35366f8c38ed3666528b0b5e16c7f03fd3c537d0f
md,README,tea,tea/workflows/testarch/README.md,4a16e960f9cdfcdfcdb175d04fc463fb9a7f422246e3d0eea02b8e9fbb6f8b23
md,recurse,tea,tea/agents/bmad-tea/resources/knowledge/recurse.md,7937897b8d8fd74ab647634fb549ba9344e86d39f9a705e8731a7531e51ad726
md,recurse,tea,tea/workflows/testarch/bmad-testarch-atdd/resources/knowledge/recurse.md,7937897b8d8fd74ab647634fb549ba9344e86d39f9a705e8731a7531e51ad726
md,recurse,tea,tea/workflows/testarch/bmad-testarch-automate/resources/knowledge/recurse.md,7937897b8d8fd74ab647634fb549ba9344e86d39f9a705e8731a7531e51ad726
md,recurse,tea,tea/workflows/testarch/bmad-testarch-test-design/resources/knowledge/recurse.md,7937897b8d8fd74ab647634fb549ba9344e86d39f9a705e8731a7531e51ad726
md,recurse,tea,tea/workflows/testarch/bmad-testarch-test-review/resources/knowledge/recurse.md,7937897b8d8fd74ab647634fb549ba9344e86d39f9a705e8731a7531e51ad726
md,recurse,tea,tea/workflows/testarch/bmad-testarch-trace/resources/knowledge/recurse.md,7937897b8d8fd74ab647634fb549ba9344e86d39f9a705e8731a7531e51ad726
md,risk-governance,tea,tea/agents/bmad-tea/resources/knowledge/risk-governance.md,500482561420c9f2caad2eb92e5c503208adaa5ab952a317359556b3f11376f1
md,risk-governance,tea,tea/workflows/testarch/bmad-testarch-atdd/resources/knowledge/risk-governance.md,500482561420c9f2caad2eb92e5c503208adaa5ab952a317359556b3f11376f1
md,risk-governance,tea,tea/workflows/testarch/bmad-testarch-automate/resources/knowledge/risk-governance.md,500482561420c9f2caad2eb92e5c503208adaa5ab952a317359556b3f11376f1
md,risk-governance,tea,tea/workflows/testarch/bmad-testarch-test-design/resources/knowledge/risk-governance.md,500482561420c9f2caad2eb92e5c503208adaa5ab952a317359556b3f11376f1
md,risk-governance,tea,tea/workflows/testarch/bmad-testarch-test-review/resources/knowledge/risk-governance.md,500482561420c9f2caad2eb92e5c503208adaa5ab952a317359556b3f11376f1
md,risk-governance,tea,tea/workflows/testarch/bmad-testarch-trace/resources/knowledge/risk-governance.md,500482561420c9f2caad2eb92e5c503208adaa5ab952a317359556b3f11376f1
md,selective-testing,tea,tea/agents/bmad-tea/resources/knowledge/selective-testing.md,060651774648174fdbff0fe7b858bd81d7c3bce8ee5a53ed7c1ba56e4dd4bbe0
md,selective-testing,tea,tea/workflows/testarch/bmad-testarch-atdd/resources/knowledge/selective-testing.md,060651774648174fdbff0fe7b858bd81d7c3bce8ee5a53ed7c1ba56e4dd4bbe0
md,selective-testing,tea,tea/workflows/testarch/bmad-testarch-automate/resources/knowledge/selective-testing.md,060651774648174fdbff0fe7b858bd81d7c3bce8ee5a53ed7c1ba56e4dd4bbe0
md,selective-testing,tea,tea/workflows/testarch/bmad-testarch-test-design/resources/knowledge/selective-testing.md,060651774648174fdbff0fe7b858bd81d7c3bce8ee5a53ed7c1ba56e4dd4bbe0
md,selective-testing,tea,tea/workflows/testarch/bmad-testarch-test-review/resources/knowledge/selective-testing.md,060651774648174fdbff0fe7b858bd81d7c3bce8ee5a53ed7c1ba56e4dd4bbe0
md,selective-testing,tea,tea/workflows/testarch/bmad-testarch-trace/resources/knowledge/selective-testing.md,060651774648174fdbff0fe7b858bd81d7c3bce8ee5a53ed7c1ba56e4dd4bbe0
md,selector-resilience,tea,tea/agents/bmad-tea/resources/knowledge/selector-resilience.md,a55c25a340f1cd10811802665754a3f4eab0c82868fea61fea9cc61aa47ac179
md,selector-resilience,tea,tea/workflows/testarch/bmad-testarch-atdd/resources/knowledge/selector-resilience.md,a55c25a340f1cd10811802665754a3f4eab0c82868fea61fea9cc61aa47ac179
md,selector-resilience,tea,tea/workflows/testarch/bmad-testarch-automate/resources/knowledge/selector-resilience.md,a55c25a340f1cd10811802665754a3f4eab0c82868fea61fea9cc61aa47ac179
md,selector-resilience,tea,tea/workflows/testarch/bmad-testarch-test-design/resources/knowledge/selector-resilience.md,a55c25a340f1cd10811802665754a3f4eab0c82868fea61fea9cc61aa47ac179
md,selector-resilience,tea,tea/workflows/testarch/bmad-testarch-test-review/resources/knowledge/selector-resilience.md,a55c25a340f1cd10811802665754a3f4eab0c82868fea61fea9cc61aa47ac179
md,selector-resilience,tea,tea/workflows/testarch/bmad-testarch-trace/resources/knowledge/selector-resilience.md,a55c25a340f1cd10811802665754a3f4eab0c82868fea61fea9cc61aa47ac179
md,SKILL,tea,tea/agents/bmad-tea/SKILL.md,c60d4e56c16be369ae72717d7a825e8a5ec4509e817f7b6ec1e9fc16b12b9ba3
md,SKILL,tea,tea/workflows/testarch/bmad-testarch-atdd/SKILL.md,fc37ffeab69ca3faf1c978eac2d4d19239d4577dbf628a3f12d84e9d250283a2
md,SKILL,tea,tea/workflows/testarch/bmad-testarch-automate/SKILL.md,ecbeacea8778de7c40dbc81628de44bcfe8d10ce280339b60615d92ae3ab90e1
md,SKILL,tea,tea/workflows/testarch/bmad-testarch-test-design/SKILL.md,78636f43137dd33260994df1b2f91a392fb9ccddbb448a5fbcbcfa8c4cc8745e
md,SKILL,tea,tea/workflows/testarch/bmad-testarch-test-review/SKILL.md,b04e1b84c3fb1cdc2ed179c9ea5351d855e2c73eb1d0b5d4c660a7c144fc6c9a
md,SKILL,tea,tea/workflows/testarch/bmad-testarch-trace/SKILL.md,5f7c1df02f51787121c0a9834bb8613f646af3fb688af9e93d6de950dd03758f
md,step-01-assess,tea,tea/workflows/testarch/bmad-testarch-atdd/steps-e/step-01-assess.md,3b6b684b315dcb484e36fa5edadbd3b6e7c82d0b848a3a850ea528335254b9c2
md,step-01-assess,tea,tea/workflows/testarch/bmad-testarch-automate/steps-e/step-01-assess.md,3b6b684b315dcb484e36fa5edadbd3b6e7c82d0b848a3a850ea528335254b9c2
md,step-01-assess,tea,tea/workflows/testarch/bmad-testarch-test-design/steps-e/step-01-assess.md,3b6b684b315dcb484e36fa5edadbd3b6e7c82d0b848a3a850ea528335254b9c2
md,step-01-assess,tea,tea/workflows/testarch/bmad-testarch-test-review/steps-e/step-01-assess.md,3b6b684b315dcb484e36fa5edadbd3b6e7c82d0b848a3a850ea528335254b9c2
md,step-01-assess,tea,tea/workflows/testarch/bmad-testarch-trace/steps-e/step-01-assess.md,3b6b684b315dcb484e36fa5edadbd3b6e7c82d0b848a3a850ea528335254b9c2
md,step-01-detect-mode,tea,tea/workflows/testarch/bmad-testarch-test-design/steps-c/step-01-detect-mode.md,08ea09fca8378e313898719a4dafce3a196ba386c37b03785e10999806fe72fb
md,step-01-load-context,tea,tea/workflows/testarch/bmad-testarch-test-review/steps-c/step-01-load-context.md,50583419c30249ddb9e1989e4b4d0cb85c0d550d75f8f9ef0b3ee62237859ff3
md,step-01-load-context,tea,tea/workflows/testarch/bmad-testarch-trace/steps-c/step-01-load-context.md,fc97a76df95ca7ff8c3d9bad4088360c94acf476a4e1de0f7c4bf2b2bd44d30f
md,step-01-preflight-and-context,tea,tea/workflows/testarch/bmad-testarch-atdd/steps-c/step-01-preflight-and-context.md,44168af70ac12bcade3fc5621224f265a44569a3353f41f5967886471648c1da
md,step-01-preflight-and-context,tea,tea/workflows/testarch/bmad-testarch-automate/steps-c/step-01-preflight-and-context.md,b3ae651878018ae3bb42c66afa7db18855298b6aae6377d192fd3f995faf21bf
md,step-01-validate,tea,tea/workflows/testarch/bmad-testarch-atdd/steps-v/step-01-validate.md,406c92ca1f47f6307d6daf51ee8cd8c4386fb979d7228b2fda648c511ae81bb0
md,step-01-validate,tea,tea/workflows/testarch/bmad-testarch-automate/steps-v/step-01-validate.md,cdbef55dd2cfde57929f86de8844a33c4439a82d8847c946c4f82cc25761e6f6
md,step-01-validate,tea,tea/workflows/testarch/bmad-testarch-test-design/steps-v/step-01-validate.md,bd24f10fdbcefd68e4ec089f378e6d64a9f9037bb5d48e35d28b25666a12adea
md,step-01-validate,tea,tea/workflows/testarch/bmad-testarch-test-review/steps-v/step-01-validate.md,6f2302555114f7e50710c27ced1b207c9c090a3aad746605d18ce63bc3d48995
md,step-01-validate,tea,tea/workflows/testarch/bmad-testarch-trace/steps-v/step-01-validate.md,524da070ddab395b85a5ccc1b593187fae183c434b9b9eb132459f78b9440bb3
md,step-01b-resume,tea,tea/workflows/testarch/bmad-testarch-atdd/steps-c/step-01b-resume.md,45f951a8606c4de5ff2d0a7e809c12e50483a3a9e347eda3ed485c79b986ac5f
md,step-01b-resume,tea,tea/workflows/testarch/bmad-testarch-automate/steps-c/step-01b-resume.md,60153862c91240326628d85284357dbd7688636b43c5a04c00a96926aeb71d3b
md,step-01b-resume,tea,tea/workflows/testarch/bmad-testarch-test-design/steps-c/step-01b-resume.md,554062608abf595461350ba95e174cbbd6a497a0ec11641345ffca6da500059f
md,step-01b-resume,tea,tea/workflows/testarch/bmad-testarch-test-review/steps-c/step-01b-resume.md,eea2c5d20b738ee20d182632ba60eda3af524421f5eeded7a06ad9adb5dff44c
md,step-01b-resume,tea,tea/workflows/testarch/bmad-testarch-trace/steps-c/step-01b-resume.md,8acc6fe769e7b99daa1f4c446ec3130bae804d969b4b1166f6d8b4220bcf7b08
md,step-02-apply-edit,tea,tea/workflows/testarch/bmad-testarch-atdd/steps-e/step-02-apply-edit.md,2b86b38864239b067cdb63a7d1071c6f04279b58ace2c4e4bd38feb73cd0f2ce
md,step-02-apply-edit,tea,tea/workflows/testarch/bmad-testarch-automate/steps-e/step-02-apply-edit.md,2b86b38864239b067cdb63a7d1071c6f04279b58ace2c4e4bd38feb73cd0f2ce
md,step-02-apply-edit,tea,tea/workflows/testarch/bmad-testarch-test-design/steps-e/step-02-apply-edit.md,2b86b38864239b067cdb63a7d1071c6f04279b58ace2c4e4bd38feb73cd0f2ce
md,step-02-apply-edit,tea,tea/workflows/testarch/bmad-testarch-test-review/steps-e/step-02-apply-edit.md,2b86b38864239b067cdb63a7d1071c6f04279b58ace2c4e4bd38feb73cd0f2ce
md,step-02-apply-edit,tea,tea/workflows/testarch/bmad-testarch-trace/steps-e/step-02-apply-edit.md,2b86b38864239b067cdb63a7d1071c6f04279b58ace2c4e4bd38feb73cd0f2ce
md,step-02-discover-tests,tea,tea/workflows/testarch/bmad-testarch-test-review/steps-c/step-02-discover-tests.md,997ef2e13d1f09bd6651728c63d76ed0dc056a15d9ba6f9f1171005239aba7bd
md,step-02-discover-tests,tea,tea/workflows/testarch/bmad-testarch-trace/steps-c/step-02-discover-tests.md,c98c80d70b409c03b9010908cd9a5825eef9839d259342687f7c83145d1b4f61
md,step-02-generation-mode,tea,tea/workflows/testarch/bmad-testarch-atdd/steps-c/step-02-generation-mode.md,0edcf6694ef40be0a2bd3f39766399fb52b29fadd51ef77a3c1d3dfa96f4a4e1
md,step-02-identify-targets,tea,tea/workflows/testarch/bmad-testarch-automate/steps-c/step-02-identify-targets.md,bdd7245437bbc3d83f5aed42428722e9a4b8c9dab668ef24afc01598d58ce7ee
md,step-02-load-context,tea,tea/workflows/testarch/bmad-testarch-test-design/steps-c/step-02-load-context.md,fbfd94c5568f9ac3d73994451bafb12b5b4407c6f8e9513d34460797c47a7c2f
md,step-03-generate-tests,tea,tea/workflows/testarch/bmad-testarch-automate/steps-c/step-03-generate-tests.md,28e9c7335170aafe7f358f919de7dee2e011df6ddb68883ddc6c9faf049149e5
md,step-03-map-criteria,tea,tea/workflows/testarch/bmad-testarch-trace/steps-c/step-03-map-criteria.md,183ddc14f3bcd3eac19db022a7e334028045bb82ce6cd835d61aaa2678cf5f79
md,step-03-quality-evaluation,tea,tea/workflows/testarch/bmad-testarch-test-review/steps-c/step-03-quality-evaluation.md,f722caa1c5ab06eeb0474db745029219bb582a5f8c67f88d099ed292bc22ccf6
md,step-03-risk-and-testability,tea,tea/workflows/testarch/bmad-testarch-test-design/steps-c/step-03-risk-and-testability.md,16a496bc557106cfb3f300b429e91da998a5e3d3483472d60e382aefa71947b7
md,step-03-test-strategy,tea,tea/workflows/testarch/bmad-testarch-atdd/steps-c/step-03-test-strategy.md,e5301713d80b141bbf789d47f7488d5d08e89b596d90fe3b483590e4545c1cd3
md,step-03a-subagent-api,tea,tea/workflows/testarch/bmad-testarch-automate/steps-c/step-03a-subagent-api.md,2b1587f7c95c156e78aa02292a0b9e9cf0c54b1288840952277ce3b90579ea29
md,step-03a-subagent-determinism,tea,tea/workflows/testarch/bmad-testarch-test-review/steps-c/step-03a-subagent-determinism.md,7cdf0166dfbc7ace6c819a2bf4738ae75805fd02ea91abaaa656153e0ff6d24f
md,step-03b-subagent-backend,tea,tea/workflows/testarch/bmad-testarch-automate/steps-c/step-03b-subagent-backend.md,467714d0a7a917fbc208afbcf70bcd2b7dd4db452e05f2c2c37a5b2e41ffe36c
md,step-03b-subagent-e2e,tea,tea/workflows/testarch/bmad-testarch-automate/steps-c/step-03b-subagent-e2e.md,3ef39eb7afbe4fbdcd6fe0f1f5c308ffe0fc1faaad7c20f4afba63f8143789a7
md,step-03b-subagent-isolation,tea,tea/workflows/testarch/bmad-testarch-test-review/steps-c/step-03b-subagent-isolation.md,67326e3f4a8f9649e02be6c96dabedbd189c4018529d05db83127c17043e68e7
md,step-03c-aggregate,tea,tea/workflows/testarch/bmad-testarch-automate/steps-c/step-03c-aggregate.md,466e5a950e2a74865b7d79fbe90b7ec2963debfa000238b0bc5310aaa9351994
md,step-03c-subagent-maintainability,tea,tea/workflows/testarch/bmad-testarch-test-review/steps-c/step-03c-subagent-maintainability.md,40608ac2fd47e712160ce44924c9e318842d82aeaec155583aa95723716dc0ba
md,step-03e-subagent-performance,tea,tea/workflows/testarch/bmad-testarch-test-review/steps-c/step-03e-subagent-performance.md,94dcbe45080218fe07e6c2d7452e4223c9bcb774e107ac84b0332bfca996c915
md,step-03f-aggregate-scores,tea,tea/workflows/testarch/bmad-testarch-test-review/steps-c/step-03f-aggregate-scores.md,2b9ade49937bc0f2099fa69eac73209d262f0804e4d848182b0442ef66119541
md,step-04-analyze-gaps,tea,tea/workflows/testarch/bmad-testarch-trace/steps-c/step-04-analyze-gaps.md,150d699da661a4a308a792cddc1d78fd26f6dcc0430977ffcd7a88dd3670bdbf
md,step-04-coverage-plan,tea,tea/workflows/testarch/bmad-testarch-test-design/steps-c/step-04-coverage-plan.md,6c05bfecbd55abac59fc3a715de695ca8b07716204db132f335d36de9ff4bc57
md,step-04-generate-report,tea,tea/workflows/testarch/bmad-testarch-test-review/steps-c/step-04-generate-report.md,81f28a104ebcce84289591a91d2705ec8bd2fe40bad088b4941980d0053d8c98
md,step-04-generate-tests,tea,tea/workflows/testarch/bmad-testarch-atdd/steps-c/step-04-generate-tests.md,556f2d1fcc34624597ce59835aee034c99c8dbbc45e6c53587862a524260d219
md,step-04-validate-and-summarize,tea,tea/workflows/testarch/bmad-testarch-automate/steps-c/step-04-validate-and-summarize.md,f0626e3274bbdd2e5cee74bceaab16a6aeb8d8fac84e8a518079ac2a26fec428
md,step-04a-subagent-api-failing,tea,tea/workflows/testarch/bmad-testarch-atdd/steps-c/step-04a-subagent-api-failing.md,755c83b6803025ec17678b0c64c9aaf293d0e5926b04f23b1aea9ca98a748f53
md,step-04b-subagent-e2e-failing,tea,tea/workflows/testarch/bmad-testarch-atdd/steps-c/step-04b-subagent-e2e-failing.md,6ab05d407ffb9d6e30543270097ede75a5ab2030a598dc610ce4d8fe88ee0d7f
md,step-04c-aggregate,tea,tea/workflows/testarch/bmad-testarch-atdd/steps-c/step-04c-aggregate.md,f261c0c83c96527c3dc448e18b9cbd8eb8afea03d72389c450b4b41bc7863b69
md,step-05-gate-decision,tea,tea/workflows/testarch/bmad-testarch-trace/steps-c/step-05-gate-decision.md,ff8dfc0b6ac628ff8eb97a9bd3468b5116fec13c337f7ee94d5cbb4dd10d3bba
md,step-05-generate-output,tea,tea/workflows/testarch/bmad-testarch-test-design/steps-c/step-05-generate-output.md,053664ff0fc8d6f596951f381769e4ba99833046240897dda918d9bb9b376755
md,step-05-validate-and-complete,tea,tea/workflows/testarch/bmad-testarch-atdd/steps-c/step-05-validate-and-complete.md,65178956f59c87ca6d31745c2a98e48e30831f68bd8cefdcd72a4898817db019
md,test-design-architecture-template,tea,tea/workflows/testarch/bmad-testarch-test-design/test-design-architecture-template.md,2b633e96a182720b389839ffd5ae547322ba0fa1b056920230dbe8defd972899
md,test-design-handoff-template,tea,tea/workflows/testarch/bmad-testarch-test-design/test-design-handoff-template.md,ce1dd24dd95244e4a511bef74a3a7cb10e5620a3a137195a31608f81ac7e7b1b
md,test-design-qa-template,tea,tea/workflows/testarch/bmad-testarch-test-design/test-design-qa-template.md,60ef0a18fc232d3404550c32d213dd104ce1de4beb6d24bc63846b69ed60b653
md,test-design-template,tea,tea/workflows/testarch/bmad-testarch-test-design/test-design-template.md,7ec626497d7a802ca188cf96fc186f047be8ecdf01f8d9d1c52fbda7f0e417b1
md,test-healing-patterns,tea,tea/agents/bmad-tea/resources/knowledge/test-healing-patterns.md,b44f7db1ebb1c20ca4ef02d12cae95f692876aee02689605d4b15fe728d28fdf
md,test-healing-patterns,tea,tea/workflows/testarch/bmad-testarch-atdd/resources/knowledge/test-healing-patterns.md,b44f7db1ebb1c20ca4ef02d12cae95f692876aee02689605d4b15fe728d28fdf
md,test-healing-patterns,tea,tea/workflows/testarch/bmad-testarch-automate/resources/knowledge/test-healing-patterns.md,b44f7db1ebb1c20ca4ef02d12cae95f692876aee02689605d4b15fe728d28fdf
md,test-healing-patterns,tea,tea/workflows/testarch/bmad-testarch-test-design/resources/knowledge/test-healing-patterns.md,b44f7db1ebb1c20ca4ef02d12cae95f692876aee02689605d4b15fe728d28fdf
md,test-healing-patterns,tea,tea/workflows/testarch/bmad-testarch-test-review/resources/knowledge/test-healing-patterns.md,b44f7db1ebb1c20ca4ef02d12cae95f692876aee02689605d4b15fe728d28fdf
md,test-healing-patterns,tea,tea/workflows/testarch/bmad-testarch-trace/resources/knowledge/test-healing-patterns.md,b44f7db1ebb1c20ca4ef02d12cae95f692876aee02689605d4b15fe728d28fdf
md,test-levels-framework,tea,tea/agents/bmad-tea/resources/knowledge/test-levels-framework.md,80bbac7959a47a2e7e7de82613296f906954d571d2d64ece13381c1a0b480237
md,test-levels-framework,tea,tea/workflows/testarch/bmad-testarch-atdd/resources/knowledge/test-levels-framework.md,80bbac7959a47a2e7e7de82613296f906954d571d2d64ece13381c1a0b480237
md,test-levels-framework,tea,tea/workflows/testarch/bmad-testarch-automate/resources/knowledge/test-levels-framework.md,80bbac7959a47a2e7e7de82613296f906954d571d2d64ece13381c1a0b480237
md,test-levels-framework,tea,tea/workflows/testarch/bmad-testarch-test-design/resources/knowledge/test-levels-framework.md,80bbac7959a47a2e7e7de82613296f906954d571d2d64ece13381c1a0b480237
md,test-levels-framework,tea,tea/workflows/testarch/bmad-testarch-test-review/resources/knowledge/test-levels-framework.md,80bbac7959a47a2e7e7de82613296f906954d571d2d64ece13381c1a0b480237
md,test-levels-framework,tea,tea/workflows/testarch/bmad-testarch-trace/resources/knowledge/test-levels-framework.md,80bbac7959a47a2e7e7de82613296f906954d571d2d64ece13381c1a0b480237
md,test-priorities-matrix,tea,tea/agents/bmad-tea/resources/knowledge/test-priorities-matrix.md,321c3b708cc19892884be0166afa2a7197028e5474acaf7bc65c17ac861964a5
md,test-priorities-matrix,tea,tea/workflows/testarch/bmad-testarch-atdd/resources/knowledge/test-priorities-matrix.md,321c3b708cc19892884be0166afa2a7197028e5474acaf7bc65c17ac861964a5
md,test-priorities-matrix,tea,tea/workflows/testarch/bmad-testarch-automate/resources/knowledge/test-priorities-matrix.md,321c3b708cc19892884be0166afa2a7197028e5474acaf7bc65c17ac861964a5
md,test-priorities-matrix,tea,tea/workflows/testarch/bmad-testarch-test-design/resources/knowledge/test-priorities-matrix.md,321c3b708cc19892884be0166afa2a7197028e5474acaf7bc65c17ac861964a5
md,test-priorities-matrix,tea,tea/workflows/testarch/bmad-testarch-test-review/resources/knowledge/test-priorities-matrix.md,321c3b708cc19892884be0166afa2a7197028e5474acaf7bc65c17ac861964a5
md,test-priorities-matrix,tea,tea/workflows/testarch/bmad-testarch-trace/resources/knowledge/test-priorities-matrix.md,321c3b708cc19892884be0166afa2a7197028e5474acaf7bc65c17ac861964a5
md,test-quality,tea,tea/agents/bmad-tea/resources/knowledge/test-quality.md,19a0623e623d9cb974d92908eb8e38dad849ab78004c30ee0593696c28a9d076
md,test-quality,tea,tea/workflows/testarch/bmad-testarch-atdd/resources/knowledge/test-quality.md,97b6db474df0ec7a98a15fd2ae49671bb8e0ddf22963f3c4c47917bb75c05b90
md,test-quality,tea,tea/workflows/testarch/bmad-testarch-automate/resources/knowledge/test-quality.md,97b6db474df0ec7a98a15fd2ae49671bb8e0ddf22963f3c4c47917bb75c05b90
md,test-quality,tea,tea/workflows/testarch/bmad-testarch-test-design/resources/knowledge/test-quality.md,97b6db474df0ec7a98a15fd2ae49671bb8e0ddf22963f3c4c47917bb75c05b90
md,test-quality,tea,tea/workflows/testarch/bmad-testarch-test-review/resources/knowledge/test-quality.md,97b6db474df0ec7a98a15fd2ae49671bb8e0ddf22963f3c4c47917bb75c05b90
md,test-quality,tea,tea/workflows/testarch/bmad-testarch-trace/resources/knowledge/test-quality.md,97b6db474df0ec7a98a15fd2ae49671bb8e0ddf22963f3c4c47917bb75c05b90
md,test-review-template,tea,tea/workflows/testarch/bmad-testarch-test-review/test-review-template.md,bfc6a429ff372e21f92b1a78b97bb826d5ca738a82ca46d51cc51a31e6cd5841
md,timing-debugging,tea,tea/agents/bmad-tea/resources/knowledge/timing-debugging.md,c4c87539bbd3fd961369bb1d7066135d18c6aad7ecd70256ab5ec3b26a8777d9
md,timing-debugging,tea,tea/workflows/testarch/bmad-testarch-atdd/resources/knowledge/timing-debugging.md,c4c87539bbd3fd961369bb1d7066135d18c6aad7ecd70256ab5ec3b26a8777d9
md,timing-debugging,tea,tea/workflows/testarch/bmad-testarch-automate/resources/knowledge/timing-debugging.md,c4c87539bbd3fd961369bb1d7066135d18c6aad7ecd70256ab5ec3b26a8777d9
md,timing-debugging,tea,tea/workflows/testarch/bmad-testarch-test-design/resources/knowledge/timing-debugging.md,c4c87539bbd3fd961369bb1d7066135d18c6aad7ecd70256ab5ec3b26a8777d9
md,timing-debugging,tea,tea/workflows/testarch/bmad-testarch-test-review/resources/knowledge/timing-debugging.md,c4c87539bbd3fd961369bb1d7066135d18c6aad7ecd70256ab5ec3b26a8777d9
md,timing-debugging,tea,tea/workflows/testarch/bmad-testarch-trace/resources/knowledge/timing-debugging.md,c4c87539bbd3fd961369bb1d7066135d18c6aad7ecd70256ab5ec3b26a8777d9
md,trace-template,tea,tea/workflows/testarch/bmad-testarch-trace/trace-template.md,73359654f3e6de4084d16c9546e75ab9636b94ba909c7da213b93372030e5d4d
md,validation-report-20260127-095021,tea,tea/workflows/testarch/bmad-testarch-atdd/validation-report-20260127-095021.md,39c8d0dcaaa67d648d114d7fc9b087670af8c85377eb6513544645a5b938e7fe
md,validation-report-20260127-095021,tea,tea/workflows/testarch/bmad-testarch-automate/validation-report-20260127-095021.md,23b68497a6fb9d93aa7920eb28b5ad36a8f9ab2532a145255ea5878e53592f98
md,validation-report-20260127-095021,tea,tea/workflows/testarch/bmad-testarch-test-design/validation-report-20260127-095021.md,2294b9b719227b7c083b8aecf4fc0bf6323f6b7686aec0010ba94e38ddea4aba
md,validation-report-20260127-095021,tea,tea/workflows/testarch/bmad-testarch-test-review/validation-report-20260127-095021.md,b370ec9724d036e262e950bbeeb244cd414cd4ae49f437d47695b2c07354f6f4
md,validation-report-20260127-095021,tea,tea/workflows/testarch/bmad-testarch-trace/validation-report-20260127-095021.md,a4cf09ad228331217530e473507d1a1b791d3a3cbf471007bb799fcbecbb64c7
md,validation-report-20260127-102401,tea,tea/workflows/testarch/bmad-testarch-atdd/validation-report-20260127-102401.md,b749c37581244d028897b78aa6470ee0b9e7a78cdc4975bfd8aed1bd3f374370
md,validation-report-20260127-102401,tea,tea/workflows/testarch/bmad-testarch-automate/validation-report-20260127-102401.md,3322f92f5dc4d28c07e08a6a20f7cd77c702f7de04ecba9af6975a7463d845b5
md,validation-report-20260127-102401,tea,tea/workflows/testarch/bmad-testarch-test-design/validation-report-20260127-102401.md,7fbef44391edac74342d14f02688176f96a291c30792fdf26721a872c1ba2b6d
md,validation-report-20260127-102401,tea,tea/workflows/testarch/bmad-testarch-test-review/validation-report-20260127-102401.md,13c684351c4c4ae274f3ea9827b00d7bab7daf694980f5bfc74c592aa2617f1a
md,validation-report-20260127-102401,tea,tea/workflows/testarch/bmad-testarch-trace/validation-report-20260127-102401.md,0774915e82411e21d505e11cf659bc1f3b7b0e252513b1de067b0c7d8c567c37
md,visual-debugging,tea,tea/agents/bmad-tea/resources/knowledge/visual-debugging.md,f1a7db59553aee691550e2c62ca15348a2703dea738b76cd38e22cfcfe2bf7c8
md,visual-debugging,tea,tea/workflows/testarch/bmad-testarch-atdd/resources/knowledge/visual-debugging.md,f1a7db59553aee691550e2c62ca15348a2703dea738b76cd38e22cfcfe2bf7c8
md,visual-debugging,tea,tea/workflows/testarch/bmad-testarch-automate/resources/knowledge/visual-debugging.md,f1a7db59553aee691550e2c62ca15348a2703dea738b76cd38e22cfcfe2bf7c8
md,visual-debugging,tea,tea/workflows/testarch/bmad-testarch-test-design/resources/knowledge/visual-debugging.md,f1a7db59553aee691550e2c62ca15348a2703dea738b76cd38e22cfcfe2bf7c8
md,visual-debugging,tea,tea/workflows/testarch/bmad-testarch-test-review/resources/knowledge/visual-debugging.md,f1a7db59553aee691550e2c62ca15348a2703dea738b76cd38e22cfcfe2bf7c8
md,visual-debugging,tea,tea/workflows/testarch/bmad-testarch-trace/resources/knowledge/visual-debugging.md,f1a7db59553aee691550e2c62ca15348a2703dea738b76cd38e22cfcfe2bf7c8
md,webhook-module-setup,tea,tea/agents/bmad-tea/resources/knowledge/webhook-module-setup.md,87dd6d7eb4dfd45691ccbb876a0bdf0b8a8b8622351be7539b8fb80504068048
md,webhook-module-setup,tea,tea/workflows/testarch/bmad-testarch-atdd/resources/knowledge/webhook-module-setup.md,87dd6d7eb4dfd45691ccbb876a0bdf0b8a8b8622351be7539b8fb80504068048
md,webhook-module-setup,tea,tea/workflows/testarch/bmad-testarch-automate/resources/knowledge/webhook-module-setup.md,87dd6d7eb4dfd45691ccbb876a0bdf0b8a8b8622351be7539b8fb80504068048
md,webhook-module-setup,tea,tea/workflows/testarch/bmad-testarch-test-design/resources/knowledge/webhook-module-setup.md,87dd6d7eb4dfd45691ccbb876a0bdf0b8a8b8622351be7539b8fb80504068048
md,webhook-module-setup,tea,tea/workflows/testarch/bmad-testarch-test-review/resources/knowledge/webhook-module-setup.md,87dd6d7eb4dfd45691ccbb876a0bdf0b8a8b8622351be7539b8fb80504068048
md,webhook-module-setup,tea,tea/workflows/testarch/bmad-testarch-trace/resources/knowledge/webhook-module-setup.md,87dd6d7eb4dfd45691ccbb876a0bdf0b8a8b8622351be7539b8fb80504068048
md,webhook-providers,tea,tea/agents/bmad-tea/resources/knowledge/webhook-providers.md,a71ba2c09c45541d4d262c4db85fb9b2aeb021bb09779c65454a5ed3bd546c63
md,webhook-providers,tea,tea/workflows/testarch/bmad-testarch-atdd/resources/knowledge/webhook-providers.md,a71ba2c09c45541d4d262c4db85fb9b2aeb021bb09779c65454a5ed3bd546c63
md,webhook-providers,tea,tea/workflows/testarch/bmad-testarch-automate/resources/knowledge/webhook-providers.md,a71ba2c09c45541d4d262c4db85fb9b2aeb021bb09779c65454a5ed3bd546c63
md,webhook-providers,tea,tea/workflows/testarch/bmad-testarch-test-design/resources/knowledge/webhook-providers.md,a71ba2c09c45541d4d262c4db85fb9b2aeb021bb09779c65454a5ed3bd546c63
md,webhook-providers,tea,tea/workflows/testarch/bmad-testarch-test-review/resources/knowledge/webhook-providers.md,a71ba2c09c45541d4d262c4db85fb9b2aeb021bb09779c65454a5ed3bd546c63
md,webhook-providers,tea,tea/workflows/testarch/bmad-testarch-trace/resources/knowledge/webhook-providers.md,a71ba2c09c45541d4d262c4db85fb9b2aeb021bb09779c65454a5ed3bd546c63
md,webhook-risk-guidance,tea,tea/agents/bmad-tea/resources/knowledge/webhook-risk-guidance.md,8bd40218b2427c18212afa3f5bbc8ce251f4385ca2ae2ac62e6a907fa342200e
md,webhook-risk-guidance,tea,tea/workflows/testarch/bmad-testarch-atdd/resources/knowledge/webhook-risk-guidance.md,8bd40218b2427c18212afa3f5bbc8ce251f4385ca2ae2ac62e6a907fa342200e
md,webhook-risk-guidance,tea,tea/workflows/testarch/bmad-testarch-automate/resources/knowledge/webhook-risk-guidance.md,8bd40218b2427c18212afa3f5bbc8ce251f4385ca2ae2ac62e6a907fa342200e
md,webhook-risk-guidance,tea,tea/workflows/testarch/bmad-testarch-test-design/resources/knowledge/webhook-risk-guidance.md,8bd40218b2427c18212afa3f5bbc8ce251f4385ca2ae2ac62e6a907fa342200e
md,webhook-risk-guidance,tea,tea/workflows/testarch/bmad-testarch-test-review/resources/knowledge/webhook-risk-guidance.md,8bd40218b2427c18212afa3f5bbc8ce251f4385ca2ae2ac62e6a907fa342200e
md,webhook-risk-guidance,tea,tea/workflows/testarch/bmad-testarch-trace/resources/knowledge/webhook-risk-guidance.md,8bd40218b2427c18212afa3f5bbc8ce251f4385ca2ae2ac62e6a907fa342200e
md,webhook-template-matchers,tea,tea/agents/bmad-tea/resources/knowledge/webhook-template-matchers.md,abf92e617b194199439c60fafe68cb0481b48e9ef09f69c01c8a424429a6009f
md,webhook-template-matchers,tea,tea/workflows/testarch/bmad-testarch-atdd/resources/knowledge/webhook-template-matchers.md,abf92e617b194199439c60fafe68cb0481b48e9ef09f69c01c8a424429a6009f
md,webhook-template-matchers,tea,tea/workflows/testarch/bmad-testarch-automate/resources/knowledge/webhook-template-matchers.md,abf92e617b194199439c60fafe68cb0481b48e9ef09f69c01c8a424429a6009f
md,webhook-template-matchers,tea,tea/workflows/testarch/bmad-testarch-test-design/resources/knowledge/webhook-template-matchers.md,abf92e617b194199439c60fafe68cb0481b48e9ef09f69c01c8a424429a6009f
md,webhook-template-matchers,tea,tea/workflows/testarch/bmad-testarch-test-review/resources/knowledge/webhook-template-matchers.md,abf92e617b194199439c60fafe68cb0481b48e9ef09f69c01c8a424429a6009f
md,webhook-template-matchers,tea,tea/workflows/testarch/bmad-testarch-trace/resources/knowledge/webhook-template-matchers.md,abf92e617b194199439c60fafe68cb0481b48e9ef09f69c01c8a424429a6009f
md,webhook-testing-fundamentals,tea,tea/agents/bmad-tea/resources/knowledge/webhook-testing-fundamentals.md,cc1778b9aa95cb6fe00cfbb2115a2238636f71513cf159b7c02cbb3e091541c3
md,webhook-testing-fundamentals,tea,tea/workflows/testarch/bmad-testarch-atdd/resources/knowledge/webhook-testing-fundamentals.md,cc1778b9aa95cb6fe00cfbb2115a2238636f71513cf159b7c02cbb3e091541c3
md,webhook-testing-fundamentals,tea,tea/workflows/testarch/bmad-testarch-automate/resources/knowledge/webhook-testing-fundamentals.md,cc1778b9aa95cb6fe00cfbb2115a2238636f71513cf159b7c02cbb3e091541c3
md,webhook-testing-fundamentals,tea,tea/workflows/testarch/bmad-testarch-test-design/resources/knowledge/webhook-testing-fundamentals.md,cc1778b9aa95cb6fe00cfbb2115a2238636f71513cf159b7c02cbb3e091541c3
md,webhook-testing-fundamentals,tea,tea/workflows/testarch/bmad-testarch-test-review/resources/knowledge/webhook-testing-fundamentals.md,cc1778b9aa95cb6fe00cfbb2115a2238636f71513cf159b7c02cbb3e091541c3
md,webhook-testing-fundamentals,tea,tea/workflows/testarch/bmad-testarch-trace/resources/knowledge/webhook-testing-fundamentals.md,cc1778b9aa95cb6fe00cfbb2115a2238636f71513cf159b7c02cbb3e091541c3
md,webhook-timeout-error,tea,tea/agents/bmad-tea/resources/knowledge/webhook-timeout-error.md,21500487fccc694ac1194dd144e13f6fd9f2585f65b32202f0b3d7b1cdc3b607
md,webhook-timeout-error,tea,tea/workflows/testarch/bmad-testarch-atdd/resources/knowledge/webhook-timeout-error.md,21500487fccc694ac1194dd144e13f6fd9f2585f65b32202f0b3d7b1cdc3b607
md,webhook-timeout-error,tea,tea/workflows/testarch/bmad-testarch-automate/resources/knowledge/webhook-timeout-error.md,21500487fccc694ac1194dd144e13f6fd9f2585f65b32202f0b3d7b1cdc3b607
md,webhook-timeout-error,tea,tea/workflows/testarch/bmad-testarch-test-design/resources/knowledge/webhook-timeout-error.md,21500487fccc694ac1194dd144e13f6fd9f2585f65b32202f0b3d7b1cdc3b607
md,webhook-timeout-error,tea,tea/workflows/testarch/bmad-testarch-test-review/resources/knowledge/webhook-timeout-error.md,21500487fccc694ac1194dd144e13f6fd9f2585f65b32202f0b3d7b1cdc3b607
md,webhook-timeout-error,tea,tea/workflows/testarch/bmad-testarch-trace/resources/knowledge/webhook-timeout-error.md,21500487fccc694ac1194dd144e13f6fd9f2585f65b32202f0b3d7b1cdc3b607
md,webhook-waiting-querying,tea,tea/agents/bmad-tea/resources/knowledge/webhook-waiting-querying.md,d914f3cfa9b3cfbd94fd0d3d057a7b578764cf37cdfc1b29278e03c88c3b06c5
md,webhook-waiting-querying,tea,tea/workflows/testarch/bmad-testarch-atdd/resources/knowledge/webhook-waiting-querying.md,d914f3cfa9b3cfbd94fd0d3d057a7b578764cf37cdfc1b29278e03c88c3b06c5
md,webhook-waiting-querying,tea,tea/workflows/testarch/bmad-testarch-automate/resources/knowledge/webhook-waiting-querying.md,d914f3cfa9b3cfbd94fd0d3d057a7b578764cf37cdfc1b29278e03c88c3b06c5
md,webhook-waiting-querying,tea,tea/workflows/testarch/bmad-testarch-test-design/resources/knowledge/webhook-waiting-querying.md,d914f3cfa9b3cfbd94fd0d3d057a7b578764cf37cdfc1b29278e03c88c3b06c5
md,webhook-waiting-querying,tea,tea/workflows/testarch/bmad-testarch-test-review/resources/knowledge/webhook-waiting-querying.md,d914f3cfa9b3cfbd94fd0d3d057a7b578764cf37cdfc1b29278e03c88c3b06c5
md,webhook-waiting-querying,tea,tea/workflows/testarch/bmad-testarch-trace/resources/knowledge/webhook-waiting-querying.md,d914f3cfa9b3cfbd94fd0d3d057a7b578764cf37cdfc1b29278e03c88c3b06c5
md,workflow-plan,tea,tea/workflows/testarch/bmad-testarch-atdd/workflow-plan.md,06306d3dfe8940fceb1e8765efe85dd47f44ef9c1286ce528a702361f5f63704
md,workflow-plan,tea,tea/workflows/testarch/bmad-testarch-automate/workflow-plan.md,3d3cd40c76dc9f0c2387bef34e9391a9d3a25fe04ea4ebedb6adb72684a3ad06
md,workflow-plan,tea,tea/workflows/testarch/bmad-testarch-test-design/workflow-plan.md,e3b7f847205fb9c004b9772af0da7d9ed4c5038cbedd66c388d6a3b640be5a04
md,workflow-plan,tea,tea/workflows/testarch/bmad-testarch-test-review/workflow-plan.md,15723c03eee5bfc852cd39b843bf4435dabdf02f59a77bb8a8683c4ab8cb3ed6
md,workflow-plan,tea,tea/workflows/testarch/bmad-testarch-trace/workflow-plan.md,dbf177b415c33f41f535d06fc47067bf220104348186dfdb8a0da0a16d396fa9
toml,customize,tea,tea/agents/bmad-tea/customize.toml,2864b07f57c631473380fb4e7cac49282e7585d191e266088337314c8e2b7937
toml,customize,tea,tea/workflows/testarch/bmad-testarch-atdd/customize.toml,288fc010f2d4720ecb80cd74a1835efb8deb6e02907b81f8e67040dedcdc9893
toml,customize,tea,tea/workflows/testarch/bmad-testarch-automate/customize.toml,480aa14b35703f4ec55e6a6cba6e595abac1529fa299c14a811eb55f42f1520f
toml,customize,tea,tea/workflows/testarch/bmad-testarch-test-design/customize.toml,c83a85c3de1ee5ff9acc94b9b8a96c563d9573520ea791c54d35f468568c6695
toml,customize,tea,tea/workflows/testarch/bmad-testarch-test-review/customize.toml,a8756d45f2fecc5de278be621d4217a4f06755751ceb73bcdc2f3b9bf376e40d
toml,customize,tea,tea/workflows/testarch/bmad-testarch-trace/customize.toml,2a2b7a49e140ac8fdd80c22f877c0f4c35225243f6df6e288a9f566146b4ca74
yaml,config,tea,tea/config.yaml,57b1e4ee69d0522eb95d968d7935ae659f29412902d778d4e544dcdb87949bae
yaml,workflow,tea,tea/workflows/testarch/bmad-testarch-atdd/workflow.yaml,7f0ed54ed25cc51e4ecf3dd0e9298613a679982865473d82b81c117342a51a71
yaml,workflow,tea,tea/workflows/testarch/bmad-testarch-automate/workflow.yaml,812166a75f88418ecfba92f43e293ce33476275218a6b874f9d3ab3b3eb34a02
yaml,workflow,tea,tea/workflows/testarch/bmad-testarch-test-design/workflow.yaml,8ad0fb89bbe1f00af80eeeb2ac1bc2e90c6854bc2516f23dcff8e29cb1f81579
yaml,workflow,tea,tea/workflows/testarch/bmad-testarch-test-review/workflow.yaml,ba98595534cdbd0a477f358de0f1dc413cbe381830e7dff4d67ace34265a3164
yaml,workflow,tea,tea/workflows/testarch/bmad-testarch-trace/workflow.yaml,981c7fc26f0e2a755438c40c1af0f4cce4517294fe3f8371e9b2bfe5ac60fa0f
