TASK,"Checklist 
Up to date according to __ May 2026 ",Platform_Flutter,,,"Available Statuses /
Summary counter by all platforms",,,iOS,,Available Statuses,,
,,Android,IOS,Tablet,Passed,Failed,Skipped,Mobile,Tablets,Passed,Failed,Skipped
,,,,,2064,0,0,,, Comments,,
,,,,, Comments,,,,,,,
Splash screen,,,,,,,,,,,,
,,,,,,,,,,,,
,Check that the Splash Screen is displayed immediately after application launch on both iOS and Android devices.,Passed,Passed,Passed,,,,,,,,
,Check that the Splash Screen is displayed as a full-screen view with a white background covering the entire device screen.,Passed,Passed,Passed,,,,,,,,
,Check that the Concert Technologies logo is displayed centered both vertically and horizontally on the Splash Screen.,Passed,Passed,Passed,,,,,,,,
,Check that the logo on the Splash Screen is static and does not include any animation or loading indicator.,Passed,Passed,Passed,,,,,,,,
,"Check that no text labels, buttons, links, or input fields are displayed on the Splash Screen.",Passed,Passed,Passed,,,,,,,,
,"Check that the system status bar (time, network, battery) is visible while the Splash Screen is displayed.",Passed,Passed,Passed,,,,,,,,
,"Check that no user interaction is possible on the Splash Screen, including taps, swipes, or system back actions.",Passed,Passed,Passed,,,,,,,,
,Check that the application validates an existing user session in the background while the Splash Screen is displayed.,Passed,Passed,Passed,,,,,,,,
,Check that the application verifies the authentication token status during the Splash Screen initialization phase.,Passed,Passed,Passed,,,,,,,,
,Check that essential application configuration and metadata are loaded while the Splash Screen is visible.,Passed,Passed,Passed,,,,,,,,
,Check that the application automatically navigates to the Login Screen after the Splash Screen if no valid user session exists.,Passed,Passed,Passed,,,,,,,,
,Check that the application automatically navigates to the Home / Jobs List or Calendar Screen after the Splash Screen if a valid user session exists.,Passed,Passed,Passed,,,,,,,,
,Check that the transition from the Splash Screen to the next screen occurs automatically without visible delays or technical artifacts.,Passed,Passed,Passed,,,,,,,,
,Check that the Splash Screen is displayed for the minimum required time needed to complete initialization without unnecessary prolongation.,Passed,Passed,Passed,,,,,,,,
,"Check that the Splash Screen handles slow initialization gracefully without visual glitches, flickering, or layout shifts.",Passed,Passed,Passed,,,,,,,,
Authentication,,,,,,,,,,,,
Welcome Screen,Check that the Welcome Screen is displayed as a full-screen view when the application is opened by a non-authenticated user.,Passed,Passed,Passed,,,,,,,,
,Check that the Welcome Screen is not displayed when a valid user session token exists and the app navigates directly to the Home / Jobs screen.,Passed,Passed,Passed,,,,,,,,
,Check that no navigation bar or back button is displayed on the Welcome Screen.,Passed,Passed,Passed,,,,,,,,
,Check that the header text “Welcome to the Concert Technologies” is displayed and centered on the Welcome Screen.,Passed,Passed,Passed,,,,,,,,
,Check that the subtext “Create an account or log in to get started.” is displayed below the header text.,Passed,Passed,Passed,,,,,,,,
,Check that the Welcome Screen layout remains visually centered and consistent across different screen sizes and orientations.,Passed,Passed,Passed,,,,,,,,
,Check that the “Sign up” button is displayed as the primary (filled) call-to-action at the bottom of the Welcome Screen.,Passed,Passed,Passed,,,,,,,,
,Check that the “Login” button is displayed as the secondary (outlined or neutral) call-to-action below the “Sign up” button.,Passed,Passed,Passed,,,,,,,,
,Check that tapping the “Sign up” button navigates the user to the Account Registration / Sign Up screen.,Passed,Passed,Passed,,,,,,,,
,Check that tapping the “Login” button navigates the user to the Login screen.,Passed,Passed,Passed,,,,,,,,
,Check that multiple rapid taps on the “Sign up” button do not trigger multiple navigation events.,Passed,Passed,Passed,,,,,,,,
,Check that multiple rapid taps on the “Login” button do not trigger multiple navigation events.,Passed,Passed,Passed,,,,,,"Треба перенести далі 
+ є питання чи повина бути в юзера можливість переходити в попередні (закінчені) левели гіфта ? Наприклад я вже на 3му левелі, чи маю я мати доступ до 1 та 2-го рівня гіфта.",,
,Check that navigation from the Welcome Screen to the Sign Up screen completes successfully without visual glitches or delays.,Passed,Passed,Passed,,,,,,,,
,Check that navigation from the Welcome Screen to the Login screen completes successfully without visual glitches or delays.,Passed,Passed,Passed,,,,,,,,
,Check that a generic error message is displayed if navigation to the Sign Up screen fails and the user is allowed to retry.,Passed,Passed,Passed,,,,,,,,
Registration Screen,General & Layout,Passed,Passed,Passed,,,,,,,,
,Check that the Registration screen is displayed when the user taps “Sign up” from the Welcome screen.,Passed,Passed,Passed,,,,,,,,
,"Check that the Registration screen displays the logo, title “Registration”, and subtitle “Good to see you! Let’s get you registered.”",Passed,Passed,Passed,,,,,,,,
,"Check that the Registration screen displays input fields in the following order: First name, Last name, Phone number, Email.",Passed,Passed,Passed,,,,,,,,
,Check that the Registration screen displays the “Preferred channel for job notifications” section below the Email field.,Passed,Passed,Passed,,,,,,,,
,Check that the Registration screen displays SMS and Email radio button options in the notification channel section.,Passed,Passed,Passed,,,,,,,,
,Check that the Registration screen displays the SMS consent checkbox and disclaimer text below the preferred notification channel section.,Passed,Passed,Passed,,,,,,,,
,Check that the Continue button is disabled by default when required fields are empty.,Passed,Passed,Passed,,,,,,,,
,Check that the Privacy Policy and Terms & Conditions links are displayed below the Continue button.,Passed,Passed,Passed,,,,,,,,
,Check that the “Already have an account? Log in” link is displayed at the bottom of the Registration screen.,Passed,Passed,Passed,,,,,,,,
,Check that the Registration screen layout remains correctly aligned on different screen sizes and orientations.,Passed,Passed,Passed,,,,,,,,
,First Name / Last Name Validation,Passed,Passed,Passed,,,,,,,,
,Check that the First name field is required on the Registration screen.,Passed,Passed,Passed,,,,,,,,
,Check that the Last name field is required on the Registration screen.,Passed,Passed,Passed,,,,,,,,
,Check that inline validation is displayed if the First name field is empty after validation is triggered.,Passed,Passed,Passed,,,,,,,,
,Check that inline validation is displayed if the Last name field is empty after validation is triggered.,Passed,Passed,Passed,,,,,,,,
,Check that the First name field accepts alphabetical characters only.,Passed,Passed,Passed,,,,,,,,
,Check that the Last name field accepts alphabetical characters only.,Passed,Passed,Passed,,,,,,,,
,Check that invalid characters are rejected in the First name and Last name fields.,Passed,Passed,Passed,,,,,,,,
,Check that validation messages are cleared dynamically after correcting invalid First name or Last name values.,Passed,Passed,Passed,,,,,,,,
,Phone Number Field & Country Selector,Passed,Passed,Passed,,,,,,,,
,Check that the Phone number field is required on the Registration screen.,Passed,Passed,Passed,,,,,,,,
,Check that the Phone number field displays the selected country code prefix.,Passed,Passed,Passed,,,,,,,,
,Check that tapping the country code selector opens the country selection bottom sheet.,Passed,Passed,Passed,,,,,,,,
,"Check that the country selection bottom sheet displays country flags, country names, and dialing codes.",Passed,Passed,Passed,,,,,,,,
,Check that the country search field filters countries dynamically while typing.,Passed,Passed,Passed,,,,,,,,
,Check that selecting a country updates the phone number prefix in the Registration form.,Passed,Passed,Passed,,,,,,,,
,Check that the Phone number field validates the entered value according to the selected country format.,Passed,Passed,Passed,,,,,,,,
,Check that invalid phone number formats display a validation error message.,Passed,Passed,Passed,,,,,,,,
,Check that the numeric keyboard is displayed when focusing the Phone number field.,Passed,Passed,Passed,,,,,,,,
,Email Field,Passed,Passed,Passed,,,,,,,,
,Check that the Email field is required on the Registration screen.,Passed,Passed,Passed,,,,,,,,
,Check that the Email field validates entered email format correctly.,Passed,Passed,Passed,,,,,,,,
,Check that invalid email values display a validation error message.,Passed,Passed,Passed,,,,,,,,
,Check that valid email values enable successful form validation.,Passed,Passed,Passed,,,,,,,,
,Check that validation errors are cleared dynamically after correcting invalid email values.,Passed,Passed,Passed,,,,,,,,
,Preferred Notification Channel,Passed,Passed,Passed,,,,,,,,
,Check that only one preferred notification channel option can be selected at a time.,Passed,Passed,Passed,,,,,,,,
,Check that the user can select SMS as the preferred notification channel.,Passed,Passed,Passed,,,,,,,,
,Check that the user can select Email as the preferred notification channel.,Passed,Passed,Passed,,,,,,,,
,Check that the selected preferred notification channel remains selected while editing other form fields.,Passed,Passed,Passed,,,,,,,,
,Check that the selected preferred notification channel is sent correctly in the registration request payload.,Passed,Passed,Passed,,,,,,,,
,SMS Consent Logic,Passed,Passed,Passed,,,,,,,,
,Check that tapping the SMS consent checkbox opens the “SMS Messaging Terms & Conditions” screen.,Passed,Passed,Passed,,,,,,,,
,"Check that the SMS Messaging Terms & Conditions screen displays the close icon, title, and legal content.",Passed,Passed,Passed,,,,,,,,
,Check that the SMS Messaging Terms & Conditions screen displays the “I Accept SMS Terms & Conditions” button.,Passed,Passed,Passed,,,,,,,,
,Check that tapping “I Accept SMS Terms & Conditions” closes the Terms screen and marks the SMS checkbox as selected.,Passed,Passed,Passed,,,,,,,,
,Check that tapping the close icon on the Terms screen closes the screen without selecting the SMS checkbox.,Passed,Passed,Passed,,,,,,,,
,Check that the SMS consent checkbox state persists after returning from the Terms screen.,Passed,Passed,Passed,,,,,,,,
,Check that the SMS consent checkbox can be deselected after acceptance if allowed by business logic.,Passed,Passed,Passed,,,,,,,,
,Check that the Continue button remains disabled if SMS notification channel is selected but SMS consent is not accepted.,Passed,Passed,Passed,,,,,,,,
,Check that OTP-related SMS consent text is displayed correctly below the checkbox.,Passed,Passed,Passed,,,,,,,,
,Continue Action & Registration Flow,Passed,Passed,Passed,,,,,,,,
,Check that the Continue button becomes enabled only when all required fields contain valid values.,Passed,Passed,Passed,,,,,,,,
,Check that tapping Continue submits registration data to the backend.,Passed,Passed,Passed,,,,,,,,
,Check that successful registration navigates the user to the correct OTP verification flow based on the selected notification channel.,Passed,Passed,Passed,,,,,,,,
,Check that selecting SMS notification channel opens the Phone number verification screen after successful registration.,Passed,Passed,Passed,,,,,,,,
,Check that selecting Email notification channel opens the Email address verification screen after successful registration.,Passed,Passed,Passed,,,,,,,,
,Check that multiple rapid taps on Continue do not trigger duplicate registration requests.,Passed,Passed,Passed,,,,,,,,
,Check that entered form values remain preserved if registration fails.,Passed,Passed,Passed,,,,,,,,
,Check that the error message “An account with this phone number already exists. Please log in to continue.” is displayed for already registered phone numbers.,Passed,Passed,Passed,,,,,,,,
,Check that a generic error message is displayed when registration fails due to backend or network issues.,Passed,Passed,Passed,,,,,,,,
,Check that the user can retry registration after an error without reopening the Registration screen.,Passed,Passed,Passed,,,,,,,,
Phone/email verification screen,General & Layout,Passed,Passed,Passed,,,,,,,,
,Check that the Phone number verification screen displays the verified phone number in masked or formatted form.,Passed,Passed,Passed,,,,,,,,
,Check that the Email address verification screen displays the verified email address in masked or formatted form.,Passed,Passed,Passed,,,,,,,,
,Check that the correct screen title is displayed based on verification type.,Passed,Passed,Passed,,,,,,,,
,Check that the correct instruction text is displayed based on verification type.,Passed,Passed,Passed,,,,,,,,
,Check that four OTP input boxes are displayed on the verification screen.,Passed,Passed,Passed,,,,,,,,
,Check that the Verify button is disabled until all four OTP digits are entered.,Passed,Passed,Passed,,,,,,,,
,Check that the “Request a new code” option is disabled while the countdown timer is active.,Passed,Passed,Passed,,,,,,,,
,Check that the “Request a new code” option becomes enabled after the countdown timer expires.,Passed,Passed,Passed,,,,,,,,
,Check that the countdown timer value decreases correctly in real time.,Passed,Passed,Passed,,,,,,,,
,OTP Input Behavior,Passed,Passed,Passed,,,,,,,,
,Check that entering a digit automatically moves focus to the next OTP input field.,Passed,Passed,Passed,,,,,,,,
,Check that deleting a digit moves focus back to the previous OTP input field.,Passed,Passed,Passed,,,,,,,,
,Check that only numeric values are accepted in OTP input fields.,Passed,Passed,Passed,,,,,,,,
,Check that more than four OTP digits cannot be entered.,Passed,Passed,Passed,,,,,,,,
,Check that pasting OTP values fills the OTP fields correctly if supported.,Passed,Passed,Passed,,,,,,,,
,Check that the numeric keyboard is displayed automatically when focusing OTP fields.,Passed,Passed,Passed,,,,,,,,
,Verification Flow,Passed,Passed,Passed,,,,,,,,
,Check that tapping Verify submits the entered OTP for backend validation.,Passed,Passed,Passed,,,,,,,,
,Check that successful OTP verification authenticates the user successfully.,Passed,Passed,Passed,,,,,,,,
,Check that successful OTP verification navigates the user to the Jobs screen or onboarding flow.,Passed,Passed,Passed,,,,,,,,
,Check that incorrect OTP values display an “Incorrect code” validation error.,Passed,Passed,Passed,,,,,,,,
,Check that OTP fields remain editable after invalid OTP verification attempts.,Passed,Passed,Passed,,,,,,,,
,Check that multiple rapid taps on Verify do not trigger duplicate OTP validation requests.,Passed,Passed,Passed,,,,,,,,
,Check that requesting a new OTP invalidates the previously issued OTP code.,Passed,Passed,Passed,,,,,,,,
,Check that tapping “Request a new code” sends a new OTP to the selected delivery channel.,Passed,Passed,Passed,,,,,,,,
,Check that requesting a new code restarts the countdown timer.,Passed,Passed,Passed,,,,,,,,
,Check that the verification flow works correctly for both SMS and Email delivery channels.,Passed,Passed,Passed,,,,,,,,
,Navigation & Error Handling,Passed,Passed,Passed,,,,,,,,
,Check that tapping the back arrow returns the user to the previous authentication screen.,Passed,Passed,Passed,,,,,,,,
,Check that OTP verification handles slow network responses without UI freezes or duplicated states.,Passed,Passed,Passed,,,,,,,,
,Check that a generic error message is displayed if OTP verification fails due to connectivity issues.,Passed,Passed,Passed,,,,,,,,
,Check that the user can retry OTP verification after network-related failures.,Passed,Passed,Passed,,,,,,,,
,Check that OTP retry limits are enforced if configured by backend rules.,Passed,Passed,Passed,,,,,,,,
,Check that OTP state is preserved or reset correctly after reopening the verification screen according to business logic.,Passed,Passed,Passed,,,,,,,,
Login screen,General & Layout,Passed,Passed,Passed,,,,,,,,
,Check that the Login screen is displayed when the user taps “Log in” from the Welcome screen.,Passed,Passed,Passed,,,,,,,,
,"Check that the Login screen displays the logo, title “Log in”, and subtitle “Good to see you! Let’s get you logged in.”",Passed,Passed,Passed,,,,,,,,
,Check that the Login screen displays helper text instructing the user to enter email or phone number used during registration.,Passed,Passed,Passed,,,,,,,,
,Check that the Login screen displays a single “Phone number / Email” input field.,Passed,Passed,Passed,,,,,,,,
,Check that the Continue button is disabled when the input field is empty.,Passed,Passed,Passed,,,,,,,,
,Check that the Privacy Policy and Terms & Conditions links are displayed below the Continue button.,Passed,Passed,Passed,,,,,,,,
,Check that the “Don’t have an account yet? Sign up” link is displayed at the bottom of the Login screen.,Passed,Passed,Passed,,,,,,,,
,Input Validation,Passed,Passed,Passed,,,,,,,,
,Check that the Login field accepts valid email addresses.,Passed,Passed,Passed,,,,,,,,
,Check that the Login field accepts valid phone numbers.,Passed,Passed,Passed,,,,,,,,
,Check that invalid email or phone number formats display the “Format is incorrect.” validation message.,Passed,Passed,Passed,,,,,,,,
,Check that validation styling is displayed for invalid Login field values.,Passed,Passed,Passed,,,,,,,,
,Check that validation errors are removed after correcting invalid input values.,Passed,Passed,Passed,,,,,,,,
,Check that the Continue button becomes enabled only when a valid email or phone number is entered.,Passed,Passed,Passed,,,,,,,,
,Login Flow,Passed,Passed,Passed,,,,,,,,
,Check that tapping Continue with a valid registered phone number triggers OTP generation via SMS.,Passed,Passed,Passed,,,,,,,,
,Check that tapping Continue with a valid registered email triggers OTP generation via Email.,Passed,Passed,Passed,,,,,,,,
,Check that login with a registered phone number navigates to the Phone number verification screen.,Passed,Passed,Passed,,,,,,,,
,Check that login with a registered email navigates to the Email address verification screen.,Passed,Passed,Passed,,,,,,,,
,Check that multiple rapid taps on Continue do not trigger duplicate login requests.,Passed,Passed,Passed,,,,,,,,
,Check that entered login values remain preserved if login fails.,Passed,Passed,Passed,,,,,,,,
,Check that the error message “This phone number is not registered yet. Create an account to get started.” is displayed for unregistered phone numbers.,Passed,Passed,Passed,,,,,,,,
,Check that the error message “This email is not registered yet. Create an account to get started.” is displayed for unregistered email addresses.,Passed,Passed,Passed,,,,,,,,
,Check that a generic error message is displayed if login fails due to backend or network issues.,Passed,Passed,Passed,,,,,,,,
,Check that the user can retry login without reopening the Login screen after a failed request.,Passed,Passed,Passed,,,,,,,,
,Check that authenticated-only screens remain inaccessible without successful OTP verification.,Passed,Passed,Passed,,,,,,,,
Order list screen,,,,,,,,,,,,
List view,General & Entry Logic,Passed,Passed,Passed,,,,,,,,
,Check that the Orders List screen is displayed as the primary landing screen after successful login and authentication.,Passed,Passed,Passed,,,,,,,,
,Check that the Orders List screen is opened when a registered user accesses the app via a valid job access link.,Passed,Passed,Passed,,,,,,,,
,Check that the Orders List screen is not displayed for unauthenticated users and authentication flow is triggered instead.,Passed,Passed,Passed,,,,,,,,
,Assigned to a Different Phone Number — Error Modal,Passed,Passed,Passed,,,,,,,,
,Check that an error modal with the title “Assigned to a Different Phone Number” is displayed when a user opens a job link not linked to their phone number.,Passed,Passed,Passed,,,,,,,,
,Check that the error modal displays explanatory text instructing the user to log out and sign in with the correct phone number.,Passed,Passed,Passed,,,,,,,,
,Check that the error modal displays both “Cancel” and “Log out” action buttons.,Passed,Passed,Passed,,,,,,,,
,Check that tapping “Cancel” closes the modal without logging the user out.,Passed,Passed,Passed,,,,,,,,
,Check that tapping “Log out” logs the user out and navigates them to the authentication flow.,Passed,Passed,Passed,,,,,,,,
,Layout & Navigation,Passed,Passed,Passed,,,,,,,,
,Check that the top app bar is displayed on the Orders List screen with a calendar icon.,Passed,Passed,Passed,,,,,,,,
,Check that tapping the calendar icon switches the view from List view to Calendar weekly view. (placeholder if Calendar view is implemented later),Passed,Passed,Passed,,,,,,,,
,Check that the bottom navigation bar is displayed on the Orders List screen.,Passed,Passed,Passed,,,,,,,,
,Check that the Orders tab is highlighted as active in the bottom navigation bar.,Passed,Passed,Passed,,,,,,,,
,Check that the Orders List screen remains accessible at all times via the bottom navigation bar.,Passed,Passed,Passed,,,,,,,,
,"Check that status filter buttons “New”, “In Progress”, and “Completed” are displayed on the Orders List screen.",Passed,Passed,Passed,,,,,,,,
,Order List & Cards,Passed,Passed,Passed,,,,,,,,
,Check that a list of order cards is displayed when orders are available for the authenticated user.,Passed,Passed,Passed,,,,,,,,
,Check that each order card displays the Job ID as the primary bold element.,Passed,Passed,Passed,,,,,,,,
,Check that each order card displays the Site Name for the order.,Passed,Passed,Passed,,,,,,,,
,Check that each order card displays the City and State location information.,Passed,Passed,Passed,,,,,,,,
,Check that each order card displays the scheduled date and scheduled time.,Passed,Passed,Passed,,,,,,,,
,"Check that each order card displays a visually distinct order status badge (e.g., New, In Progress).",Passed,Passed,Passed,,,,,,,,
,Check that special indicators such as “Unsubmitted” are displayed on the order card when applicable.,Passed,Passed,Passed,,,,,,,,
,Check that special indicators such as “Updated” are displayed on the order card when applicable.,Passed,Passed,Passed,,,,,,,,
,Check that order status badges and indicators remain readable across different screen sizes.,Passed,Passed,Passed,,,,,,,,
,Check that tapping an order card navigates the user to the corresponding Order Details screen.,Passed,Passed,Passed,,,,,,,,
,Check that only a single navigation event is triggered when an order card is tapped multiple times rapidly.,Passed,Passed,Passed,,,,,,,,
,Empty State,Passed,Passed,Passed,,,,,,,,
,Check that an empty state is displayed when no orders are assigned to the user.,Passed,Passed,Passed,,,,,,,,
,Check that the empty state displays a placeholder illustration or icon.,Passed,Passed,Passed,,,,,,,,
,Check that the empty state displays the title text “No orders”.,Passed,Passed,Passed,,,,,,,,
,Check that the empty state displays an informational message explaining that no orders are currently assigned.,Passed,Passed,Passed,,,,,,,,
,Check that orders assigned via a valid access link appear in the Orders List after synchronization.,Passed,Passed,Passed,,,,,,,,
,Check that cached orders are displayed on the Orders List screen when the device is offline and cached data exists.,Passed,Passed,Passed,,,,,,,,
,Check that the Orders List screen displays an appropriate message or indicator when no cached data is available offline. (placeholder for UX decision),Passed,Passed,Passed,,,,,,,,
,Check that an error message is displayed when the orders list fails to load due to a network error.,Passed,Passed,Passed,,,,,,,,
,Check that the user is able to retry loading the Orders List after a network error occurs.,Passed,Passed,Passed,,,,,,,,
,Check that the Orders List screen recovers correctly after connectivity is restored.,Passed,Passed,Passed,,,,,,,,
,Check that the Orders List screen does not display duplicate orders after refresh or navigation events.,Passed,Passed,Passed,,,,,,,,
,Calendar (Weekly) View,Passed,Passed,Passed,,,,,,,,
,General & Navigation,Passed,Passed,Passed,,,,,,,,
,Check that the Calendar (Weekly) view is displayed when the user switches from the Orders List view using the calendar control.,Passed,Passed,Passed,,,,,,,,
,Check that the Calendar (Weekly) view is accessible only to authenticated users.,Passed,Passed,Passed,,,,,,,,
,Check that the bottom navigation bar remains visible with the Orders tab highlighted while the Calendar view is active.,Passed,Passed,Passed,,,,,,,,
,Check that the user can switch back from the Calendar (Weekly) view to the Orders List view using the list control.,Passed,Passed,Passed,,,,,,,,
,Check that the current month and year are displayed in the date selector section of the Calendar view.,Passed,Passed,Passed,,,,,,,,
,Check that the default selected date is today when today falls within the current displayed week.,Passed,Passed,Passed,,,,,,,,
,Check that the first day of the week is selected by default when today does not fall within the current week.,Passed,Passed,Passed,,,,,,,,
,Check that the days of the selected week (Sunday to Saturday) are displayed in the date selector.,Passed,Passed,Passed,,,,,,,,
,Check that the selected date is visually highlighted in the week selector.,Passed,Passed,Passed,,,,,,,,
,Check that days containing scheduled orders are visually indicated in the week selector.,Passed,Passed,Passed,,,,,,,,
,Check that tapping the previous week arrow navigates to the previous calendar week.,Passed,Passed,Passed,,,,,,,,
,Check that tapping the next week arrow navigates to the next calendar week.,Passed,Passed,Passed,,,,,,,,
,Check that orders are displayed only for the currently selected date in the Calendar (Weekly) view.,Passed,Passed,Passed,,,,,,,,
,Check that the order list updates immediately when a different date is selected.,Passed,Passed,Passed,,,,,,,,
,Check that the Calendar view displays order cards using the same layout and elements as the Orders List view.,Passed,Passed,Passed,,,,,,,,
,Check that each order card displays the Job ID as the primary identifier.,Passed,Passed,Passed,,,,,,,,
,"Check that each order card displays the Site Name and City, State information.",Passed,Passed,Passed,,,,,,,,
,Check that each order card displays the scheduled start date and time.,Passed,Passed,Passed,,,,,,,,
,Check that each order card displays the order status badge (New or In Progress).,Passed,Passed,Passed,,,,,,,,
,Check that special flags such as “Updated” or “Unsubmitted” are displayed on order cards when applicable.,Passed,Passed,Passed,,,,,,,,
,Check that only orders with status New or In Progress are displayed in the Calendar (Weekly) view.,Passed,Passed,Passed,,,,,,,,
,Check that tapping an order card in the Calendar view navigates the user to the corresponding Order Details screen.,Passed,Passed,Passed,,,,,,,,
,Check that multiple rapid taps on an order card do not trigger duplicate navigation events.,Passed,Passed,Passed,,,,,,,,
,Check that an empty state is displayed when no orders are scheduled for the selected date.,Passed,Passed,Passed,,,,,,,,
,Check that the empty state displays the title text “No orders”.,Passed,Passed,Passed,,,,,,,,
,Check that the empty state displays informational text explaining that no orders exist for the selected date.,Passed,Passed,Passed,,,,,,,,
,Check that the empty state is shown instead of an empty list when no orders are available for the selected date.,Passed,Passed,Passed,,,,,,,,
,Check that cached calendar and order data is displayed when the device is offline and cached data exists.,Passed,Passed,Passed,,,,,,,,
,Check that the Calendar (Weekly) view displays an appropriate state when offline and no cached data is available. (placeholder for UX decision),Passed,Passed,Passed,,,,,,,,
,Check that switching between weeks does not cause UI flickering or layout shifts.,Passed,Passed,Passed,,,,,,,,
,Check that the Calendar (Weekly) view handles a large number of orders without performance degradation.,Passed,Passed,Passed,,,,,,,,
,Check that the selected date and order list state are preserved when switching between Calendar and List views.,Passed,Passed,Passed,,,,,,,,
Order details screen,Details main screen_General & Layout,Passed,Passed,Passed,,,,,,,,
,Check that the Order Details screen is displayed when the user selects an order from the Orders List or Calendar view.,Passed,Passed,Passed,,,,,,,,
,Check that the back navigation arrow returns the user to the previous screen without losing state.,Passed,Passed,Passed,,,,,,,,
,Check that the Order ID is displayed prominently in the header of the Order Details screen.,Passed,Passed,Passed,,,,,,,,
,Check that the order title is displayed below the Order ID.,Passed,Passed,Passed,,,,,,,,
,"Check that the current order status badge (e.g., New, In Progress) is clearly visible.",Passed,Passed,Passed,,,,,,,,
,Check that the “Updated” indicator is displayed when the order content has changed since last viewed.,Passed,Passed,Passed,,,,,,,,
,Check that the “Updated” indicator disappears after the user navigates away from the Order Details screen.,Passed,Passed,Passed,,,,,,,,
,Check that the order description and scope of work are displayed as readable multi-line instructions.,Passed,Passed,Passed,,,,,,,,
,Check that all order information sections are visually separated by dividers.,Passed,Passed,Passed,,,,,,,,
,Check that all order information fields are read-only and cannot be edited by the user.,Passed,Passed,Passed,,,,,,,,
,Location & Map,Passed,Passed,Passed,,,,,,,,
,Check that the full job site address is displayed in the Location section.,Passed,Passed,Passed,,,,,,,,
,Check that tapping the “On map” link opens the job location in an in-app map view or external maps application.,Passed,Passed,Passed,,,,,,,,
,Check that the map opens with the correct job site coordinates.,Passed,Passed,Passed,,,,,,,,
,Date & Time,Passed,Passed,Passed,,,,,,,,
,Check that the scheduled start date and time are displayed with visual date and time icons.,Passed,Passed,Passed,,,,,,,,
,Check that the displayed date and time reflect the latest scheduled values received from the backend.,Passed,Passed,Passed,,,,,,,,
,PF Information,Passed,Passed,Passed,,,,,,,,
,Check that the PF name is displayed in the PF Info section.,Passed,Passed,Passed,,,,,,,,
,Check that tapping the PF phone number opens the device dialer with the number prefilled.,Passed,Passed,Passed,,,,,,,,
,Attachments Navigation,Passed,Passed,Passed,,,,,,,,
,Check that the Attachments section is displayed on the Order Details screen.,Passed,Passed,Passed,,,,,,,,
,Check that tapping the Attachments section navigates the user to the Order Attachments screen.,Passed,Passed,Passed,,,,,,,,
,Primary Action — Check In,Passed,Passed,Passed,,,,,,,,
,Check that the Check In button is displayed at the bottom of the screen when the order status is New or not started.,Passed,Passed,Passed,,,,,,,,
,Check that the Check In button is always visible and accessible without scrolling.,Passed,Passed,Passed,,,,,,,,
,Check that tapping the Check In button initiates the check-in workflow.,Passed,Passed,Passed,,,,,,,,
,Location Permissions & GPS Logic,Passed,Passed,Passed,,,,,,,,
,Check that the Enable Location Services prompt is displayed before requesting OS-level location permission.,Passed,Passed,Passed,,,,,,,,
,Check that the prompt clearly explains why location access is required.,Passed,Passed,Passed,,,,,,,,
,Check that tapping Enable triggers the operating system location permission dialog.,Passed,Passed,Passed,,,,,,,,
,Check that tapping Cancel dismisses the prompt and continues the check-in flow without GPS.,Passed,Passed,Passed,,,,,,,,
,Check that the Location Disabled prompt is displayed when device-level location services are turned off.,Passed,Passed,Passed,,,,,,,,
,Check that tapping Go to settings opens the device location settings screen.,Passed,Passed,Passed,,,,,,,,
,Check that tapping Cancel returns the user to the check-in flow without GPS validation.,Passed,Passed,Passed,,,,,,,,
,Check that the system captures the user’s GPS location when GPS is enabled during check-in.,Passed,Passed,Passed,,,,,,,,
,Check that the system compares the captured GPS location with the registered job site location.,Passed,Passed,Passed,,,,,,,,
,Check that a Check-in Location Mismatch alert is displayed when the distance exceeds the allowed tolerance threshold (~100 meters).,Passed,Passed,Passed,,,,,,,,
,Check that the Check-in Location Mismatch alert explains that the user is not at the registered job site.,Passed,Passed,Passed,,,,,,,,
,Check that tapping Got it closes the alert and returns the user to the previous screen.,Passed,Passed,Passed,,,,,,,,
,Check that tapping Cancel dismisses the alert without completing check-in.,Passed,Passed,Passed,,,,,,,,
,Manual Check-In,Passed,Passed,Passed,,,,,,,,
,Check that a manual location entry prompt is displayed when GPS coordinates cannot be obtained.,Passed,Passed,Passed,,,,,,,,
,Check that the manual location input field allows the user to enter a textual location.,Passed,Passed,Passed,,,,,,,,
,Check that tapping Confirm saves the manually entered location to the order.,Passed,Passed,Passed,,,,,,,,
,Check that manual check-ins are clearly marked as manual in order data.,Passed,Passed,Passed,,,,,,,,
,Check that manual check-ins do not block job execution.,Passed,Passed,Passed,,,,,,,,
,Data Recording,Passed,Passed,Passed,,,,,,,,
,Check that a notification is displayed when location data cannot be retrieved due to system or sensor error.,Passed,Passed,Passed,,,,,,,,
,Check that the order is marked with a flag indicating GPS was not confirmed when automatic location fails.,Passed,Passed,Passed,,,,,,,,
,Check that location permission failures do not prevent the user from continuing the job.,Passed,Passed,Passed,,,,,,,,
,Check that the check-in records include the method used (GPS or Manual).,Passed,Passed,Passed,,,,,,,,
,Check that the check-in records include captured coordinates when GPS is available.,Passed,Passed,Passed,,,,,,,,
,Check that the check-in records include horizontal accuracy values when GPS is used.,Passed,Passed,Passed,,,,,,,,
,Check that the check-in records include an accurate timestamp of the action.,Passed,Passed,Passed,,,,,,,,
,Check that cached order details are displayed when the device is offline.,Passed,Passed,Passed,,,,,,,,
,Check that the Check In flow can be initiated offline and synchronized later when connectivity is restored. (placeholder if async sync is planned),Passed,Passed,Passed,,,,,,,,
,Check that the Order Details screen remains responsive during slow GPS or network conditions.,Passed,Passed,Passed,,,,,,,,
,Attachments screen,Passed,Passed,Passed,,,,,,,,
,General & Layout,Passed,Passed,Passed,,,,,,,,
,Check that the Attachments screen is displayed when the user selects the Attachments section from the Order Details screen.,Passed,Passed,Passed,,,,,,,,
,Check that the Attachments screen header displays a back navigation control that returns the user to the Order Details screen.,Passed,Passed,Passed,,,,,,,,
,Check that the screen title “Attachments” is displayed at the top of the Attachments screen.,Passed,Passed,Passed,,,,,,,,
,Check that the tab selector displays two tabs: Documents and Photos.,Passed,Passed,Passed,,,,,,,,
,Check that the Documents tab is selected by default when the Attachments screen is opened.,Passed,Passed,Passed,,,,,,,,
,Attachment Listing,Passed,Passed,Passed,,,,,,,,
,Check that all attachments associated with the selected order are displayed on the Attachments screen.,Passed,Passed,Passed,,,,,,,,
,Check that document files are displayed only under the Documents tab.,Passed,Passed,Passed,,,,,,,,
,Check that photo files are displayed only under the Photos tab.,Passed,Passed,Passed,,,,,,,,
,Check that switching between Documents and Photos tabs updates the content area accordingly.,Passed,Passed,Passed,,,,,,,,
,Documents Tab,Passed,Passed,Passed,,,,,,,,
,"Check that each document item displays the file name including its extension (e.g., “Safety instruction.pdf”).",Passed,Passed,Passed,,,,,,,,
,Check that the document file type is visually identifiable via the file extension or indicator.,Passed,Passed,Passed,,,,,,,,
,Check that tapping a document item opens the document in an in-app document viewer.,Passed,Passed,Passed,,,,,,,,
,Document Viewer,Passed,Passed,Passed,,,,,,,,
,Check that the document opens in a full-screen document viewer.,Passed,Passed,Passed,,,,,,,,
,Check that the document viewer supports vertical scrolling for multi-page documents.,Passed,Passed,Passed,,,,,,,,
,Check that the document viewer supports zoom in and zoom out gestures.,Passed,Passed,Passed,,,,,,,,
,Check that the document viewer provides read-only access to the document content.,Passed,Passed,Passed,,,,,,,,
,Check that a Close (X) control is displayed in the document viewer.,Passed,Passed,Passed,,,,,,,,
,Check that tapping the Close (X) control returns the user to the Documents list.,Passed,Passed,Passed,,,,,,,,
,Check that the user is able to save a document locally when permitted by the operating system.,Passed,Passed,Passed,,,,,,,,
,Check that a success toast or banner is displayed when a document is successfully saved to the device.,Passed,Passed,Passed,,,,,,,,
,"Check that supported document formats include PDF, DOC, and XLS.",Passed,Passed,Passed,,,,,,,,
,Check that unsupported document formats are handled gracefully with an appropriate message. (placeholder for future formats),Passed,Passed,Passed,,,,,,,,
,Photos Tab,Passed,Passed,Passed,,,,,,,,
,Check that the Photos tab displays a grid layout of photo thumbnails.,Passed,Passed,Passed,,,,,,,,
,Check that all photo thumbnails have consistent sizing and spacing in the grid.,Passed,Passed,Passed,,,,,,,,
,Check that tapping a photo thumbnail opens the photo in a full-screen photo viewer.,Passed,Passed,Passed,,,,,,,,
,Photo Viewer,Passed,Passed,Passed,,,,,,,,
,Check that the selected photo is displayed in full-screen mode in the photo viewer.,Passed,Passed,Passed,,,,,,,,
,Check that the photo viewer supports pinch-to-zoom gestures.,Passed,Passed,Passed,,,,,,,,
,Check that the photo viewer supports panning gestures when zoomed.,Passed,Passed,Passed,,,,,,,,
,Check that a Close (X) control is displayed in the photo viewer.,Passed,Passed,Passed,,,,,,,,
,Check that tapping the Close (X) control returns the user to the Photos grid.,Passed,Passed,Passed,,,,,,,,
,Check that previously downloaded documents are accessible when the device is offline.,Passed,Passed,Passed,,,,,,,,
,Check that previously downloaded photos are accessible when the device is offline.,Passed,Passed,Passed,,,,,,,,
,Check that the system notifies the user when attempting to open an attachment that is not available offline.,Passed,Passed,Passed,,,,,,,,
,Check that the Attachments screen displays an appropriate message when attachment loading fails due to a network error.,Passed,Passed,Passed,,,,,,,,
,Check that the user is able to retry loading attachments after a network failure.,Passed,Passed,Passed,,,,,,,,
,Check that switching between Documents and Photos tabs does not cause UI flickering or layout shifts.,Passed,Passed,Passed,,,,,,,,
,Check that opening and closing attachments does not reset the selected tab unexpectedly.,Passed,Passed,Passed,,,,,,,,
,Check that the Attachments screen remains responsive when a large number of documents or photos are present.,Passed,Passed,Passed,,,,,,,,
,Check that attachment content is cached for subsequent access according to offline behavior rules.,Passed,Passed,Passed,,,,,,,,
Check-In / Check-Out Flow,,,,,,,,,,,,
,Entry & Modal Presentation,Passed,Passed,Passed,,,,,,,,
,Check that the Check-In Confirmation screen is displayed as a full-screen modal when the user initiates a check-in action from the Order Details screen.,Passed,Passed,Passed,,,,,,,,
,Check that the Check-Out Confirmation screen is displayed as a full-screen modal when the user initiates a check-out action from an In Progress order.,Passed,Passed,Passed,,,,,,,,
,Check that the confirmation modal displays a Close (X) icon that cancels the action.,Passed,Passed,Passed,,,,,,,,
,Check that the confirmation modal displays a clear title indicating Check-In or Check-Out action.,Passed,Passed,Passed,,,,,,,,
,Check that the confirmation modal displays a primary message describing the action being confirmed.,Passed,Passed,Passed,,,,,,,,
,Check that the confirmation modal displays supporting explanatory text clarifying the effect of the action.,Passed,Passed,Passed,,,,,,,,
,Action Buttons & Cancellation,Passed,Passed,Passed,,,,,,,,
,Check that the Cancel button aborts the check-in action and closes the confirmation modal without changing the order status.,Passed,Passed,Passed,,,,,,,,
,Check that the Cancel button aborts the check-out action and closes the confirmation modal without changing the order status.,Passed,Passed,Passed,,,,,,,,
,Check that tapping the Close (X) icon behaves the same as tapping Cancel.,Passed,Passed,Passed,,,,,,,,
Check-In Confirmation Logic,Check that tapping Confirm on the Check-In screen records the check-in timestamp.,Passed,Passed,Passed,,,,,,,,
,Check that tapping Confirm on the Check-In screen triggers GPS capture when location permission is enabled.,Passed,Passed,Passed,,,,,,,,
,Check that the check-in method is flagged as GPS when location is successfully captured.,Passed,Passed,Passed,,,,,,,,
,Check that the check-in method is flagged as Manual when GPS is unavailable or declined.,Passed,Passed,Passed,,,,,,,,
,Check that the order status is updated to In Progress after successful check-in confirmation.,Passed,Passed,Passed,,,,,,,,
,Check that an email notification is triggered to the Project Facilitator after a successful check-in.,Passed,Passed,Passed,,,,,,,,
Check-Out Confirmation Logic,Check that tapping Confirm on the Check-Out screen records the check-out timestamp.,Passed,Passed,Passed,,,,,,,,
,Check that tapping Confirm on the Check-Out screen triggers GPS capture when location permission is enabled.,Passed,Passed,Passed,,,,,,,,
,Check that the check-out method is flagged as GPS when location is successfully captured.,Passed,Passed,Passed,,,,,,,,
,Check that the check-out method is flagged as Manual when GPS is unavailable or declined.,Passed,Passed,Passed,,,,,,,,
,Check that the order status is updated to Completed or the next workflow status after successful check-out.,Passed,Passed,Passed,,,,,,,,
,Check that an email notification is triggered to the Project Facilitator after a successful check-out.,Passed,Passed,Passed,,,,,,,,
,Location Integration,Passed,Passed,Passed,,,,,,,,
,Check that initiating Check-In triggers the location permission and validation flow defined in the Location Services specification.,Passed,Passed,Passed,,,,,,,,
,Check that initiating Check-Out triggers the location permission and validation flow defined in the Location Services specification.,Passed,Passed,Passed,,,,,,,,
,Check that manual Check-In or Check-Out is allowed when GPS permission is denied or location is unavailable.,Passed,Passed,Passed,,,,,,,,
,Check that manual Check-In action іs clearly flagged in the recorded data.,Passed,Passed,Passed,,,,,,,,
,Check that manual Check-Out action is clearly flagged in the recorded data.,Passed,Passed,Passed,,,,,,,,
,Error Handling & Retry,Passed,Passed,Passed,,,,,,,,
,Check that an error message is displayed if the Check-In operation fails due to a system or network error.,Passed,Passed,Passed,,,,,,,,
,Check that an error message is displayed if the Check-Out operation fails due to a system or network error.,Passed,Passed,Passed,,,,,,,,
,Check that the user is allowed to retry Check-In after a failed Check-In attempt.,Passed,Passed,Passed,,,,,,,,
,Check that the user is allowed to retry Check-Out after a failed Check-Out attempt.,Passed,Passed,Passed,,,,,,,,
,Check that the Check-In action does not complete if required data such as timestamp cannot be recorded.,Passed,Passed,Passed,,,,,,,,
,Check that the Check-Out action does not complete if required data such as timestamp cannot be recorded.,Passed,Passed,Passed,,,,,,,,
,Data Integrity,Passed,Passed,Passed,,,,,,,,
,Check that each Check-In event stores the correct Order ID and User ID.,Passed,Passed,Passed,,,,,,,,
,Check that each Check-Out event stores the correct Order ID and User ID.,Passed,Passed,Passed,,,,,,,,
,Check that the recorded action type is correctly stored as Check-In or Check-Out.,Passed,Passed,Passed,,,,,,,,
,Check that the recorded timestamp reflects the actual confirmation time of the action.,Passed,Passed,Passed,,,,,,,,
,Check that GPS coordinates are stored when location is enabled and available.,Passed,Passed,Passed,,,,,,,,
,UX & Stability,Passed,Passed,Passed,,,,,,,,
,Check that the confirmation modal remains responsive during slow GPS acquisition or network conditions.,Passed,Passed,Passed,,,,,,,,
,Check that multiple rapid taps on the Confirm button do not trigger duplicate Check-In or Check-Out events.,Passed,Passed,Passed,,,,,,,,
,Check that the user cannot initiate Check-In or Check-Out actions that are invalid for the current order status.,Passed,Passed,Passed,,,,,,,,
Order details_In progress state_screen,,,,,,,,,,,,
The Order Details ,Header & Status,Passed,Passed,Passed,,,,,,,,
,Check that the Order Details screen displays the “In progress” status badge when the job is active.,Passed,Passed,Passed,,,,,,,,
,Check that the elapsed time counter is displayed in HH:MM:SS format and updates in real time on the In Progress screen.,Passed,Passed,Passed,,,,,,,,
,Check that the elapsed time counter continues correctly after the app is minimized and reopened while the job remains In Progress.,Passed,Passed,Passed,,,,,,,,
,Deliverables Section UI,Passed,Passed,Passed,,,,,,,,
,"Check that the Deliverables section displays three tappable items: Survey, Photo report, and Notes.",Passed,Passed,Passed,,,,,,,,
,Check that each deliverable row displays an icon and a navigation chevron indicating it is tappable.,Passed,Passed,Passed,,,,,,,,
,Check that tapping Survey navigates to the Survey data entry screen from the In Progress screen.,Passed,Passed,Passed,,,,,,,,
,Check that tapping Photo report navigates to the Photo report data entry screen from the In Progress screen.,Passed,Passed,Passed,,,,,,,,
,Check that tapping Notes navigates to the Notes data entry screen from the In Progress screen.,Passed,Passed,Passed,,,,,,,,
,Check that each deliverable displays a completion state indicator in the In Progress list when progress exists. (placeholder if indicator is added later),Passed,Passed,Passed,,,,,,,,
,Order Information Section UI,Passed,Passed,Passed,,,,,,,,
,Check that the job scope text is displayed as multi-line instructions under the deliverables section.,Passed,Passed,Passed,,,,,,,,
,"Check that the Location section displays site name and City, State information on the In Progress screen.",Passed,Passed,Passed,,,,,,,,
,Check that the “On map” link is displayed in the Location section and is tappable.,Passed,Passed,Passed,,,,,,,,
,Check that tapping “On map” opens an external maps application with the correct job site location.,Passed,Passed,Passed,,,,,,,,
,Check that the Date & time section displays the scheduled date and time in the format shown in the design.,Passed,Passed,Passed,,,,,,,,
,Check that the PF info section displays the PF name and a tappable phone number link.,Passed,Passed,Passed,,,,,,,,
,Check that tapping the PF phone number opens the device dialer with the number prefilled.,Passed,Passed,Passed,,,,,,,,
,Check that the Attachments row is displayed and navigates to the Attachments screen when tapped.,Passed,Passed,Passed,,,,,,,,
,Submit Deliverables Button & Confirmation,Passed,Passed,Passed,,,,,,,,
,Check that the primary action button displays “Submit deliverables” when deliverables are not yet submitted and the job is In Progress.,Passed,Passed,Passed,,,,,,,,
,Check that tapping “Submit deliverables” displays a confirmation modal titled “Submit deliverables”.,Passed,Passed,Passed,,,,,,,,
,Check that the confirmation modal informs the user they won’t be able to edit deliverables after submission.,Passed,Passed,Passed,,,,,,,,
,Check that the confirmation modal displays both Cancel and Submit actions.,Passed,Passed,Passed,,,,,,,,
,Check that tapping Cancel closes the confirmation modal without submitting deliverables.,Passed,Passed,Passed,,,,,,,,
,Check that tapping Submit triggers deliverables submission to the backend and prevents further edits to deliverables.,Passed,Passed,Passed,,,,,,,,
,Submission Progress & Success States,Passed,Passed,Passed,,,,,,,,
,Check that a “Submitting deliverables” progress state is displayed while submission is in progress.,Passed,Passed,Passed,,,,,,,,
,Check that the Submit deliverables button is disabled while submission is in progress.,Passed,Passed,Passed,,,,,,,,
,Check that a success toast “Deliverables sent to review successfully” is displayed after successful submission.,Passed,Passed,Passed,,,,,,,,
,"Check that the primary action area displays a success state label (e.g., “Successful”) after submission completes.",Passed,Passed,Passed,,,,,,,,
,Check that the primary action button changes to “Check out” after deliverables are successfully submitted.,Passed,Passed,Passed,,,,,,,,
,Offline / Poor Connection Behavior,Passed,Passed,Passed,,,,,,,,
,Check that the Submit deliverables button is disabled when the device is offline on the In Progress screen.,Passed,Passed,Passed,,,,,,,,
,Check that an offline informational message is displayed when the device is offline and submission is unavailable. (placeholder if text differs from SRS),Passed,Passed,Passed,,,,,,,,
,Check that deliverables progress is saved locally while offline and remains available after app restart.,Passed,Passed,Passed,,,,,,,,
,Check that deliverables are automatically synced or submitted when connectivity is restored if submission was interrupted.,Passed,Passed,Passed,,,,,,,,
,Connection Restored Modal,Passed,Passed,Passed,,,,,,,,
,Check that a “Connection restored” modal is displayed when network connectivity returns and there are unfinished jobs with pending submission.,Passed,Passed,Passed,,,,,,,,
,Check that the “Connection restored” modal lists the unfinished job name(s) and identifiers as shown in the wireframes.,Passed,Passed,Passed,,,,,,,,
,Check that the “Connection restored” modal provides Cancel and Submit actions.,Passed,Passed,Passed,,,,,,,,
,Check that tapping Cancel closes the modal without submitting pending deliverables.,Passed,Passed,Passed,,,,,,,,
,Check that tapping Submit starts deliverables submission for the listed unfinished job(s).,Passed,Passed,Passed,,,,,,,,
,Check that an error message is displayed when deliverables submission fails due to network or server error.,Passed,Passed,Passed,,,,,,,,
,Check that the user can retry submission after a deliverables submission failure without losing entered data.,Passed,Passed,Passed,,,,,,,,
,Check that locally stored deliverables are preserved and retried automatically when syncing fails due to connectivity issues.,Passed,Passed,Passed,,,,,,,,
,Check that deliverables cannot be edited after successful submission if the confirmation warning is accepted.,Passed,Passed,Passed,,,,,,,,
,Check that returning to the In Progress screen preserves the correct primary action state based on submission status.,Passed,Passed,Passed,,,,,,,,
Submit Deliverables,Pop-up Display & UI,Passed,Passed,Passed,,,,,,,,
,Check that the Submit Deliverables confirmation pop-up is displayed when the user initiates deliverables submission from the In Progress Order screen.,Passed,Passed,Passed,,,,,,,,
,Check that the Submit Deliverables pop-up is displayed as a modal dialog above the current screen with a semi-transparent background overlay.,Passed,Passed,Passed,,,,,,,,
,Check that the Submit Deliverables pop-up displays a visual confirmation icon (checkmark).,Passed,Passed,Passed,,,,,,,,
,Check that the Submit Deliverables pop-up displays the title “Submit deliverables”.,Passed,Passed,Passed,,,,,,,,
,Check that the warning message “You won’t be able to edit it after submission.” is displayed on the pop-up.,Passed,Passed,Passed,,,,,,,,
,Check that the Submit Deliverables pop-up displays both action buttons: Cancel and Submit.,Passed,Passed,Passed,,,,,,,,
,Cancel Behavior,Passed,Passed,Passed,,,,,,,,
,Check that tapping Cancel closes the pop-up and returns the user to the In Progress Order screen.,Passed,Passed,Passed,,,,,,,,
,Check that tapping Cancel does not trigger any submission request to the backend.,Passed,Passed,Passed,,,,,,,,
,Check that deliverables remain editable after cancelling the Submit Deliverables pop-up.,Passed,Passed,Passed,,,,,,,,
,Submit Preconditions & Validation,Passed,Passed,Passed,,,,,,,,
,Check that tapping Submit triggers validation that all required deliverables are complete before submission starts.,Passed,Passed,Passed,,,,,,,,
,Check that submission is blocked and an error message is shown when at least one required deliverable is incomplete. (placeholder for exact error text),Passed,Passed,Passed,,,,,,,,
,Check that partial submissions are not allowed and the system does not submit only a subset of deliverables.,Passed,Passed,Passed,,,,,,,,
,Locking & Read-only Rules,Passed,Passed,Passed,,,,,,,,
,Check that deliverables are locked from further editing immediately after Submit is confirmed.,Passed,Passed,Passed,,,,,,,,
,Check that submitted deliverables are marked as read-only after successful submission.,Passed,Passed,Passed,,,,,,,,
,"Check that the user cannot modify Survey, Photo report, or Notes after deliverables are locked.",Passed,Passed,Passed,,,,,,,,
,Check that the application preserves the locked state after leaving and returning to the order screen.,Passed,Passed,Passed,,,,,,,,
,Submission Execution & States,Passed,Passed,Passed,,,,,,,,
,Check that confirming Submit initiates deliverables upload to the backend system.,Passed,Passed,Passed,,,,,,,,
,Check that a submission progress state is displayed while deliverables are being uploaded. (placeholder if UI uses “Submitting deliverables” state),Passed,Passed,Passed,,,,,,,,
,Check that the user cannot trigger a second submission while an active submission is in progress.,Passed,Passed,Passed,,,,,,,,
,Check that a success toast or banner “Deliverables sent to review successfully” is displayed after successful submission.,Passed,Passed,Passed,,,,,,,,
,Check that the order state is updated to Submitted after successful deliverables submission.,Passed,Passed,Passed,,,,,,,,
,Check that the Check out action becomes enabled only after deliverables are successfully submitted.,Passed,Passed,Passed,,,,,,,,
,Offline Behavior,Passed,Passed,Passed,,,,,,,,
,Check that deliverables submission is prevented when the device is offline.,Passed,Passed,Passed,,,,,,,,
,Check that an appropriate offline message is displayed when the user attempts to submit deliverables while offline. (placeholder for exact message),Passed,Passed,Passed,,,,,,,,
,Check that deliverables remain stored locally when submission is attempted while offline.,Passed,Passed,Passed,,,,,,,,
,Check that deliverables are automatically submitted when connectivity is restored after an offline submission attempt.,Passed,Passed,Passed,,,,,,,,
,Error Handling & Retry,Passed,Passed,Passed,,,,,,,,
,Check that an error message is displayed when deliverables submission fails due to network or backend issues.,Passed,Passed,Passed,,,,,,,,
,Check that the user is allowed to retry submission after a failed submission attempt.,Passed,Passed,Passed,,,,,,,,
,Check that deliverables are not marked as successfully submitted when a submission attempt fails.,Passed,Passed,Passed,,,,,,,,
,Data Recording,Passed,Passed,Passed,,,,,,,,
,Check that each submission event records the correct Order ID and User ID.,Passed,Passed,Passed,,,,,,,,
,Check that each submission event records a submission timestamp matching the actual submit time.,Passed,Passed,Passed,,,,,,,,
,Check that each submission event records deliverables metadata included in the submission payload.,Passed,Passed,Passed,,,,,,,,
,Check that each submission event records the correct submission status as Success or Failed depending on outcome.,Passed,Passed,Passed,,,,,,,,
Survey screen,Required Fields & Validation,Passed,Passed,Passed,,,,,,,,
,Check that all required survey questions are clearly marked as required in the survey form.,Passed,Passed,Passed,,,,,,,,
,Check that an inline validation error is displayed next to a required question when it is left unanswered.,Passed,Passed,Passed,,,,,,,,
,Check that validation errors disappear automatically when the user provides a valid value for the affected question.,Passed,Passed,Passed,,,,,,,,
,Check that the survey cannot be marked as completed until all required questions are answered.,Passed,Passed,Passed,,,,,,,,
,Input Constraints & Data Types,Passed,Passed,Passed,,,,,,,,
,Check that Yes/No questions allow selecting only one option at a time.,Passed,Passed,Passed,,,,,,,,
,Check that single-select (radio) questions allow selecting only one option from the list.,Passed,Passed,Passed,,,,,,,,
,Check that multi-select (checkbox) questions allow selecting multiple options simultaneously.,Passed,Passed,Passed,,,,,,,,
,Check that the free-text input field does not allow entering more than 500 characters.,Passed,Passed,Passed,,,,,,,,
,Check that the user is prevented from entering additional characters once the 500-character limit is reached.,Passed,Passed,Passed,,,,,,,,
,Auto-save Behavior (Critical),Passed,Passed,Passed,,,,,,,,
,Check that survey responses are automatically saved locally as the user enters or modifies data.,Passed,Passed,Passed,,,,,,,,
,Check that survey data is automatically saved when the user navigates back without tapping Save.,Passed,Passed,Passed,,,,,,,,
,Check that survey data is automatically saved when the app is sent to background.,Passed,Passed,Passed,,,,,,,,
,Check that previously entered survey data is restored when the Survey screen is reopened.,Passed,Passed,Passed,,,,,,,,
,Check that survey data persists correctly after app restart while the order remains In Progress.,Passed,Passed,Passed,,,,,,,,
,Save Button Behavior,Passed,Passed,Passed,,,,,,,,
,Check that the Save button becomes enabled only when all required survey fields are valid.,Passed,Passed,Passed,,,,,,,,
,Check that tapping Save persists survey data locally and marks the survey as completed.,Passed,Passed,Passed,,,,,,,,
,Check that tapping Save returns the user to the In Progress Order Details screen.,Passed,Passed,Passed,,,,,,,,
,Check that the Survey deliverable is visually marked as completed on the In Progress screen after saving a valid survey.,Passed,Passed,Passed,,,,,,,,
,Photo Evidence Handling,Passed,Passed,Passed,,,,,,,,
,Check that the user can attach one or more photos as survey evidence.,Passed,Passed,Passed,,,,,,,,
,Check that attached photo thumbnails are displayed inside the Evidence section of the survey.,Passed,Passed,Passed,,,,,,,,
,Check that photos are compressed before upload while maintaining acceptable visual quality.,Passed,Passed,Passed,,,,,,,,
,Check that attached photos remain visible in the survey after navigating away and returning.,Passed,Passed,Passed,,,,,,,,
,Check that attached photos remain available after app restart while offline.,Passed,Passed,Passed,,,,,,,,
,Offline Mode & Sync,Passed,Passed,Passed,,,,,,,,
,Check that the survey is fully functional when the device is offline.,Passed,Passed,Passed,,,,,,,,
,Check that survey responses can be edited and saved while offline.,Passed,Passed,Passed,,,,,,,,
,Check that attached photos are stored locally when added offline.,Passed,Passed,Passed,,,,,,,,
,Check that survey data and photos are automatically synced when connectivity is restored.,Passed,Passed,Passed,,,,,,,,
,Error Handling & Recovery,Passed,Passed,Passed,,,,,,,,
,Check that an error message is displayed if survey data fails to save locally.,Passed,Passed,Passed,,,,,,,,
,Check that entered survey data is preserved when a save error occurs.,Passed,Passed,Passed,,,,,,,,
,Check that the user is allowed to retry saving the survey after a save failure.,Passed,Passed,Passed,,,,,,,,
,Check that a notification is displayed when a photo upload fails.,Passed,Passed,Passed,,,,,,,,
,Check that failed photo uploads are retained locally and retried automatically during sync.,Passed,Passed,Passed,,,,,,,,
,Read-only After Submission,Passed,Passed,Passed,,,,,,,,
,Check that all survey fields become read-only after deliverables are submitted.,Passed,Passed,Passed,,,,,,,,
,Check that the Save button is disabled or hidden after deliverables submission.,Passed,Passed,Passed,,,,,,,,
,Check that the user cannot modify survey responses after successful deliverables submission.,Passed,Passed,Passed,,,,,,,,
,Data Integrity,Passed,Passed,Passed,,,,,,,,
,Check that each saved survey includes the correct Order ID and Survey Template ID.,Passed,Passed,Passed,,,,,,,,
,Check that each survey response is saved with the correct Question IDs and answers.,Passed,Passed,Passed,,,,,,,,
,Check that attached photo references are included in the survey data payload.,Passed,Passed,Passed,,,,,,,,
,Check that the survey last modified timestamp is updated after each change.,Passed,Passed,Passed,,,,,,,,
,Check that the survey completion status is correctly stored after Save.,Passed,Passed,Passed,,,,,,,,
Photo report screen,Empty & Populated States,Passed,Passed,Passed,,,,,,,,
,Check that the Photo Report screen opens from the In Progress Order screen when the user taps the Photo report deliverable.,Passed,Passed,Passed,,,,,,,,
,Check that the Photo Report screen displays the title “Photo report” and a back navigation control.,Passed,Passed,Passed,,,,,,,,
,"Check that the empty state is displayed when no photos are added, including placeholder illustration and informational text.",Passed,Passed,Passed,,,,,,,,
,Check that the empty state displays the primary action button “Add photo”.,Passed,Passed,Passed,,,,,,,,
,Check that tapping “Add photo” from the empty state initiates the Add photo flow.,Passed,Passed,Passed,,,,,,,,
,"Check that when photos exist, the Photo Report screen displays a grid of photo thumbnails.",Passed,Passed,Passed,,,,,,,,
,Check that each photo thumbnail displays a preview image and a short description snippet if provided.,Passed,Passed,Passed,,,,,,,,
,Check that the Add photo button is available in the populated state and remains accessible.,Passed,Passed,Passed,,,,,,,,
,Add Photo Entry Point (Camera / Gallery),Passed,Passed,Passed,,,,,,,,
,Check that tapping Add photo opens a source selection bottom sheet with Camera and Gallery options.,Passed,Passed,Passed,,,,,,,,
,Check that selecting Camera opens the device camera and allows capturing a new photo.,Passed,Passed,Passed,,,,,,,,
,Check that selecting Gallery opens the device gallery and allows selecting an existing photo.,Passed,Passed,Passed,,,,,,,,
,Check that the Add/Edit Photo screen opens after a photo is captured or selected.,Passed,Passed,Passed,,,,,,,,
,Add / Edit Photo Screen,Passed,Passed,Passed,,,,,,,,
,Check that the Add/Edit Photo screen displays a contextual title (“Add photo” or “Edit photo”).,Passed,Passed,Passed,,,,,,,,
,Check that the selected photo is displayed in a full-width preview area.,Passed,Passed,Passed,,,,,,,,
,Check that the screen provides back navigation to discard or confirm changes according to Save logic.,Passed,Passed,Passed,,,,,,,,
,Photo Editing — Crop Tool,Passed,Passed,Passed,,,,,,,,
,Check that the Crop tool allows adjusting a crop frame over the photo.,Passed,Passed,Passed,,,,,,,,
,Check that a grid overlay is displayed during cropping for alignment assistance.,Passed,Passed,Passed,,,,,,,,
,Check that confirming crop applies the crop to the photo preview.,Passed,Passed,Passed,,,,,,,,
,Check that cancelling crop restores the photo to its previous state.,Passed,Passed,Passed,,,,,,,,
,Photo Editing — Markup Tool,Passed,Passed,Passed,,,,,,,,
,Check that the Markup tool allows freehand drawing on top of the photo.,Passed,Passed,Passed,,,,,,,,
,Check that the Markup tool provides a selectable color palette.,Passed,Passed,Passed,,,,,,,,
,Check that the Markup tool supports adjustable stroke size.,Passed,Passed,Passed,,,,,,,,
,Check that undo removes the last markup action.,Passed,Passed,Passed,,,,,,,,
,Check that redo restores the previously undone markup action.,Passed,Passed,Passed,,,,,,,,
,Photo Metadata — Description,Passed,Passed,Passed,,,,,,,,
,Check that the photo description field allows multi-line text input.,Passed,Passed,Passed,,,,,,,,
,Check that the description field enforces a maximum length of 500 characters.,Passed,Passed,Passed,,,,,,,,
,Check that the character counter updates correctly as text is entered.,Passed,Passed,Passed,,,,,,,,
,Check that the description field is optional and does not block saving when empty.,Passed,Passed,Passed,,,,,,,,
,Photo Metadata — Tags,Passed,Passed,Passed,,,,,,,,
,Check that the Tags section displays multi-select tag chips sourced from the Admin Panel.,Passed,Passed,Passed,,,,,,,,
,Check that the user can select one or more tags for a photo.,Passed,Passed,Passed,,,,,,,,
,Check that selecting a tag visually marks it as selected.,Passed,Passed,Passed,,,,,,,,
,Check that deselecting a tag removes it from the photo metadata.,Passed,Passed,Passed,,,,,,,,
,Save Behavior (Add / Edit Photo),Passed,Passed,Passed,,,,,,,,
,"Check that tapping Save persists the photo, edits, description, and tags locally.",Passed,Passed,Passed,,,,,,,,
,Check that tapping Save returns the user to the Photo Report screen.,Passed,Passed,Passed,,,,,,,,
,Check that the newly added or edited photo appears immediately in the Photo Report grid.,Passed,Passed,Passed,,,,,,,,
,Check that previously saved data is preloaded when editing an existing photo.,Passed,Passed,Passed,,,,,,,,
,Check that navigating back without saving discards unsaved changes to the photo.,Passed,Passed,Passed,,,,,,,,
,Check that an optional warning is displayed before discarding unsaved changes if implemented.,Passed,Passed,Passed,,,,,,,,
,Delete Photo Pop-up,Passed,Passed,Passed,,,,,,,,
,Check that tapping the delete icon on a photo opens the Delete Photo confirmation pop-up.,Passed,Passed,Passed,,,,,,,,
,Check that the Delete Photo pop-up displays the title “Delete photo” and destructive warning message.,Passed,Passed,Passed,,,,,,,,
,Check that the pop-up displays Cancel and Delete actions.,Passed,Passed,Passed,,,,,,,,
,Check that tapping Cancel closes the pop-up and preserves the photo and metadata.,Passed,Passed,Passed,,,,,,,,
,Check that tapping Delete permanently removes the photo and all associated metadata.,Passed,Passed,Passed,,,,,,,,
,Check that the Photo Report grid updates immediately after photo deletion.,Passed,Passed,Passed,,,,,,,,
,Offline Behavior & Sync,Passed,Passed,Passed,,,,,,,,
,"Check that photos can be added, edited, tagged, and deleted while offline.",Passed,Passed,Passed,,,,,,,,
,Check that photos and metadata are stored locally when added offline.,Passed,Passed,Passed,,,,,,,,
,Check that photos are automatically uploaded when connectivity is restored.,Passed,Passed,Passed,,,,,,,,
,Check that failed uploads are retried automatically without user data loss.,Passed,Passed,Passed,,,,,,,,
,Check that deleting an unsynced photo removes it from local storage immediately.,Passed,Passed,Passed,,,,,,,,
,Check that deleting a synced photo queues the deletion and syncs it when online.,Passed,Passed,Passed,,,,,,,,
,Error Handling & Data Integrity,Passed,Passed,Passed,,,,,,,,
,Check that an error message is displayed if photo upload fails.,Passed,Passed,Passed,,,,,,,,
,Check that the original photo is preserved if photo editing fails.,Passed,Passed,Passed,,,,,,,,
,Check that photo edits and metadata are retained locally if saving fails.,Passed,Passed,Passed,,,,,,,,
,Check that the user can retry saving or syncing after an error.,Passed,Passed,Passed,,,,,,,,
Notes screen,Empty & Populated States,Passed,Passed,Passed,,,,,,,,
,Check that the Notes screen opens from the In Progress Order screen when the user taps the Notes deliverable.,Passed,Passed,Passed,,,,,,,,
,Check that the Notes screen displays the title “Notes” and a back navigation control.,Passed,Passed,Passed,,,,,,,,
,"Check that the empty state is displayed when no notes exist, including placeholder illustration and informational text.",Passed,Passed,Passed,,,,,,,,
,Check that the empty state displays the primary action button “Add note”.,Passed,Passed,Passed,,,,,,,,
,Check that tapping “Add note” from the empty state navigates the user to the Add note screen.,Passed,Passed,Passed,,,,,,,,
,"Check that when notes exist, the Notes screen displays a scrollable list of note items.",Passed,Passed,Passed,,,,,,,,
,Notes List — Content & Ordering,Passed,Passed,Passed,,,,,,,,
,Check that each note item displays its creation date and time in the format shown in the wireframes.,Passed,Passed,Passed,,,,,,,,
,Check that each note item displays a preview of the note text truncated if it exceeds the visible area.,Passed,Passed,Passed,,,,,,,,
,Check that notes are ordered chronologically by creation time with the newest note displayed first.,Passed,Passed,Passed,,,,,,,,
,Check that each note item displays a context menu (⋮) for note actions.,Passed,Passed,Passed,,,,,,,,
,Check that the Add note button remains visible and accessible when the notes list is populated.,Passed,Passed,Passed,,,,,,,,
,Add Note Screen — New Note,Passed,Passed,Passed,,,,,,,,
,Check that the Add note screen displays the title “Add note” and a back navigation control.,Passed,Passed,Passed,,,,,,,,
,Check that the note input field displays the placeholder text “Add note”.,Passed,Passed,Passed,,,,,,,,
,Check that the note input field supports multi-line text input.,Passed,Passed,Passed,,,,,,,,
,Check that the Save button is disabled when the note input field is empty.,Passed,Passed,Passed,,,,,,,,
,Check that the Save button becomes enabled when at least one character is entered in the note input field.,Passed,Passed,Passed,,,,,,,,
,Note Input Validation,Passed,Passed,Passed,,,,,,,,
,Check that the note input field enforces a maximum length of 500 characters.,Passed,Passed,Passed,,,,,,,,
,Check that further input is prevented when the 500-character limit is reached.,Passed,Passed,Passed,,,,,,,,
,Check that the character counter updates correctly as the user types.,Passed,Passed,Passed,,,,,,,,
,Save Behavior — Add Note,Passed,Passed,Passed,,,,,,,,
,Check that tapping Save persists the new note locally and associates it with the current order and user.,Passed,Passed,Passed,,,,,,,,
,Check that the user is returned to the Notes List screen after saving a new note.,Passed,Passed,Passed,,,,,,,,
,Check that the new note appears immediately in the Notes List without requiring a manual refresh.,Passed,Passed,Passed,,,,,,,,
,Check that a success message “Note added successfully” is displayed after saving a new note.,Passed,Passed,Passed,,,,,,,,
,Edit Note Screen,Passed,Passed,Passed,,,,,,,,
,Check that selecting Edit from a note’s context menu opens the Edit note screen.,Passed,Passed,Passed,,,,,,,,
,Check that the Edit note screen displays the title “Edit note”.,Passed,Passed,Passed,,,,,,,,
,Check that the existing note content is preloaded into the note input field.,Passed,Passed,Passed,,,,,,,,
,Check that editing a note preserves its original creation timestamp.,Passed,Passed,Passed,,,,,,,,
,Check that saving an edited note updates the note content and last-modified timestamp.,Passed,Passed,Passed,,,,,,,,
,Check that a success message “Note saved successfully” is displayed after editing a note.,Passed,Passed,Passed,,,,,,,,
,Delete Note,Passed,Passed,Passed,,,,,,,,
,Check that the Delete note action is available from the note context menu in the Notes List.,Passed,Passed,Passed,,,,,,,,
,Check that the Delete note action is available from the Edit note screen.,Passed,Passed,Passed,,,,,,,,
,Check that initiating a delete action opens the Delete Note confirmation pop-up.,Passed,Passed,Passed,,,,,,,,
,Check that the Delete Note pop-up displays a destructive-action icon and the title “Delete note”.,Passed,Passed,Passed,,,,,,,,
,Check that the warning message about irreversible deletion is displayed in the pop-up.,Passed,Passed,Passed,,,,,,,,
,Check that the pop-up displays both Cancel and Delete actions.,Passed,Passed,Passed,,,,,,,,
,Check that tapping Cancel closes the pop-up and preserves the note content.,Passed,Passed,Passed,,,,,,,,
,Check that tapping Delete permanently removes the note from the order.,Passed,Passed,Passed,,,,,,,,
,Check that the Notes List updates immediately after successful note deletion.,Passed,Passed,Passed,,,,,,,,
,Check that a success message “Note deleted successfully” is displayed after deletion.,Passed,Passed,Passed,,,,,,,,
,Check that deleted notes are no longer accessible for viewing or editing.,Passed,Passed,Passed,,,,,,,,
,Check that deleting a required note updates the deliverables completion state accordingly. (if notes are configured as required),Passed,Passed,Passed,,,,,,,,
,Check that notes cannot be edited or deleted after deliverables are submitted.,Passed,Passed,Passed,,,,,,,,
,Offline Behavior & Sync,Passed,Passed,Passed,,,,,,,,
,"Check that notes can be created, edited, and deleted while the device is offline.",Passed,Passed,Passed,,,,,,,,
,Check that offline note changes are stored locally on the device.,Passed,Passed,Passed,,,,,,,,
,Check that locally stored note changes are synced automatically when connectivity is restored.,Passed,Passed,Passed,,,,,,,,
,Check that deleting an unsynced note removes it from local storage immediately.,Passed,Passed,Passed,,,,,,,,
,Check that deleting a synced note queues the deletion and syncs it when the device goes online.,Passed,Passed,Passed,,,,,,,,
,Error Handling & Data Integrity,Passed,Passed,Passed,,,,,,,,
,Check that an error message is displayed if saving a note fails.,Passed,Passed,Passed,,,,,,,,
,Check that the note content is preserved when a save error occurs.,Passed,Passed,Passed,,,,,,,,
,Check that the user can retry saving the note after a failure.,Passed,Passed,Passed,,,,,,,,
,Check that an error message is displayed if note deletion fails.,Passed,Passed,Passed,,,,,,,,
,Check that the note is retained when deletion fails and the user can retry.,Passed,Passed,Passed,,,,,,,,
Notifications screen,,,,,,,,,,,,
,Screen entry & layout,,,,,,,,,,,
,Check that the Notifications screen opens from the bottom navigation when the user taps the Notifications tab.,,,,,,,,,,,
,Check that the Notifications screen displays the title “Notification list” at the top.,,,,,,,,,,,
,Check that the Notifications bottom tab is visually selected when the Notifications screen is open.,,,,,,,,,,,
,Check that the Notifications list is scrollable when the number of notifications exceeds the visible area.,,,,,,,,,,,
,Check that the push notifications banner is displayed at the top of the Notifications screen when app push notifications are disabled in device settings.,,,,,,,,,,,
,Check that the push notifications banner displays the text “Turn on push notifications” and the supporting message about job updates.,,,,,,,,,,,
,Check that the banner displays the action “Go to Settings” as a tappable control.,,,,,,,,,,,
,Check that tapping “Go to Settings” opens the device notification settings page for the app.,,,,,,,,,,,
,Check that the push notifications banner is not displayed when push notifications are enabled for the app.,,,,,,,,,,,
,Notification item content & UI,,,,,,,,,,,
,Check that each notification item displays an icon that matches the notification type.,,,,,,,,,,,
,"Check that each notification item displays a title (e.g., “New job assigned”, “Job starts today”, “Job updated”, “Job cancelled”).",,,,,,,,,,,
,"Check that each notification item displays a description containing the related job reference (e.g., “Tower Maintenance #A-7 …”).",,,,,,,,,,,
,Check that each notification item displays a chevron indicating it can be opened.,,,,,,,,,,,
,Check that notification titles and descriptions are readable and do not overlap or truncate incorrectly on smaller screens.,,,,,,,,,,,
,Ordering & data rules,,,,,,,,,,,
,Check that notifications are displayed in reverse chronological order with the most recent notification shown first.,,,,,,,,,,,
,"Check that each notification item contains a valid type, title, description, and related job reference as returned by backend.",,,,,,,,,,,
,Check that “Job starts today” notifications are generated only for jobs scheduled for the current day and are not shown for other dates.,,,,,,,,,,,
,Check that “Job starts today” notifications appear at the expected time logic (daily on job day at 8 AM) when the device time/timezone matches the schedule rules.,,,,,,,,,,,
,Navigation to Job Details,,,,,,,,,,,
,Check that tapping a notification item opens the related Job Details screen for that notification’s job reference.,,,,,,,,,,,
,Check that opening a notification keeps the bottom navigation available after returning back to Notifications.,,,,,,,,,,,
,"Check that if the related job is no longer available, tapping the notification shows the message “This job is no longer available.” and does not navigate to Job Details.",,,,,,,,,,,
,Read/unread state & badges,,,,,,,,,,,
,Check that unread notifications are visually distinguishable from read notifications using a badge or highlight.,,,,,,,,,,,
,Check that a notification is marked as read immediately after it is opened from the Notifications list.,,,,,,,,,,,
,Check that returning to the Notifications list shows the previously opened notification in the read state.,,,,,,,,,,,
,"Check that the unread indicator count (badge dot on the Notifications tab, if implemented) decreases when notifications are marked as read.",,,,,,,,,,,
,Empty state,,,,,,,,,,,
,Check that the empty state is displayed when no notifications exist for the user.,,,,,,,,,,,
,Check that the empty state displays the text “No notifications yet” and “You’ll see updates about your jobs here.”,,,,,,,,,,,
,Check that the push notifications banner (if push disabled) can still be shown together with the empty state without layout overlap.,,,,,,,,,,,
,"Check that if the device is offline, the screen shows cached notifications if available and displays an appropriate offline indicator/message if implemented.",,,,,,,,,,,
,"Check that if the device is offline, the screen shows cached notifications if available and displays an appropriate offline indicator/message if implemented.",,,,,,,,,,,
,Check that long job names in notification descriptions are truncated gracefully without breaking layout.,,,,,,,,,,,
Profile screen,,,,,,,,,,,,
,General layout & navigation,Passed,Passed,Passed,,,,,,,,
,Check that the Profile screen is opened when the user taps the Profile tab in the bottom navigation bar.,Passed,Passed,Passed,,,,,,,,
,Check that the Profile tab is visually highlighted as active when the Profile screen is displayed.,Passed,Passed,Passed,,,,,,,,
,"Check that the Profile screen contains a user information card, settings section, footer section, and bottom navigation bar.",Passed,Passed,Passed,,,,,,,,
,Check that all Profile screen elements are displayed correctly after app relaunch.,Passed,Passed,Passed,,,,,,,,
,User Information Card,Passed,Passed,Passed,,,,,,,,
,Check that the user’s first name and last name are displayed correctly in the user information card.,Passed,Passed,Passed,,,,,,,,
,Check that the phone number is displayed in read-only mode in the user information card.,Passed,Passed,Passed,,,,,,,,
,Check that the email address is displayed correctly in the user information card.,Passed,Passed,Passed,,,,,,,,
,Check that the Edit button is visible and enabled in the user information card.,Passed,Passed,Passed,,,,,,,,
,Edit Profile,Passed,Passed,Passed,,,,,,,,
,Check that tapping the Edit button navigates the user to the Edit Profile screen.,Passed,Passed,Passed,,,,,,,,
,Check that the Edit Profile screen header contains a Back button and a Save button.,Passed,Passed,Passed,,,,,,,,
,"Check that First name, Last name, Phone number, and Email fields are pre-filled with current user data.",Passed,Passed,Passed,,,,,,,,
,Check that the Phone number field is disabled and not editable on the Edit Profile screen.,Passed,Passed,Passed,,,,,,,,
,Check that the Save button is disabled when the First name field is empty.,Passed,Passed,Passed,,,,,,,,
,Check that the Save button is disabled when the Last name field is empty.,Passed,Passed,Passed,,,,,,,,
,Check that an error is shown when an invalid email format is entered and the Save button is tapped.,Passed,Passed,Passed,,,,,,,,
,Check that the Save button is enabled when all required fields contain valid values.,Passed,Passed,Passed,,,,,,,,
,Check that tapping Save updates the user profile data and returns the user to the Profile screen.,Passed,Passed,Passed,,,,,,,,
,Check that updated profile data is immediately reflected on the Profile screen after saving.,Passed,Passed,Passed,,,,,,,,
,Check that tapping the Back button returns the user to the Profile screen without saving changes.,Passed,Passed,Passed,,,,,,,,
,Check that unsaved changes are discarded when the user navigates back from Edit Profile.,Passed,Passed,Passed,,,,,,,,
,Dark Mode,Passed,Passed,Passed,,,,,,,,
,Check that toggling the Dark mode switch changes the app theme immediately.,Passed,Passed,Passed,,,,,,,,
,Check that the Dark mode toggle state is preserved after app restart.,Passed,Passed,Passed,,,,,,,,
,Check that all Profile screen elements adapt correctly to Dark mode.,Passed,Passed,Passed,,,,,,,,
,Privacy Policy,Passed,Passed,Passed,,,,,,,,
,Check that tapping Privacy Policy opens the policy document in a web view or external browser.,Passed,Passed,Passed,,,,,,,,
,Check that the user can return to the app after viewing the Privacy Policy.,Passed,Passed,Passed,,,,,,,,
,Log Out Flow,Passed,Passed,Passed,,,,,,,,
,Check that tapping Log out opens the logout confirmation dialog.,Passed,Passed,Passed,,,,,,,,
,Check that tapping Cancel closes the logout dialog without logging the user out.,Passed,Passed,Passed,,,,,,,,
,Check that tapping Log out clears the user session and navigates to the Welcome screen.,Passed,Passed,Passed,,,,,,,,
,Check that the user cannot access authenticated screens after logging out.,Passed,Passed,Passed,,,,,,,,
,Check that logout clears local user data even when the device is offline.,Passed,Passed,Passed,,,,,,,,
,Delete Account Flow,Passed,Passed,Passed,,,,,,,,
,Check that tapping Delete account opens the account deletion confirmation pop-up.,Passed,Passed,Passed,,,,,,,,
,Check that account deletion is blocked until the user types the required “Delete” confirmation text.,Passed,Passed,Passed,,,,,,,,
,Check that tapping Cancel closes the delete account dialog without any changes.,Passed,Passed,Passed,,,,,,,,
,Check that confirming account deletion removes the user account and logs the user out.,Passed,Passed,Passed,,,,,,,,
,Check that deleted accounts cannot log in again using the same credentials.,Passed,Passed,Passed,,,,,,,,